<?xml version="1.0" encoding="UTF-8" standalone="no"?>
<pack>
    <snippet attachedevent="true" class="scripts.SceneEvents_0" classname="scripts.SceneEvents_0" desc="Scene Specific Events" description="Scene Specific Events" design="true" drawOrder="0" id="0" name="SceneEvents_0" oid="-1" package="scripts." sceneid="0" shared="false" type="scene">
        <blocks/>
        <events>
            <event displayName="Every N secs" enabled="true" id="1" name="event-periodic" order="1" repeats="true"/>
            <event displayName="Updating" enabled="true" id="2" name="step" order="3" repeats="true"/>
            <event displayName="Created" enabled="true" id="3" name="init" order="2" repeats="true"/>
            <event displayName="Actor Created" enabled="true" id="4" name="event-actor-create-kill" order="4" repeats="true"/>
        </events>
    </snippet>
    <snippet actorid="5" attachedevent="true" class="scripts.ActorEvents_5" classname="scripts.ActorEvents_5" desc="Actor Specific Events" description="Actor Specific Events" design="true" drawOrder="0" id="1" name="ActorEvents_5" oid="-1" package="scripts." shared="false" type="actor">
        <blocks/>
        <events>
            <event displayName="Get Fuel Can" enabled="true" id="1" name="event-collide-actortotype" order="1" repeats="true"/>
            <event displayName="Get Energy Cell" enabled="true" id="2" name="event-collide-actortotype" order="3" repeats="true"/>
            <event displayName="Collision with Entity" enabled="true" id="3" name="event-collide-actortotype" order="2" repeats="true"/>
        </events>
    </snippet>
    <snippet attachedevent="false" class="scripts.Design_3_3_8WayMovement" classname="scripts.Design_3_3_8WayMovement" desc="Allows the actor to move up, down, left and right as well as in diagonal directions." description="Allows the actor to move up, down, left and right as well as in diagonal directions." design="true" drawOrder="0" id="3" name="8 Way Movement" oid="-1" package="scripts" shared="false" type="actor">
        <control default="" defaultValue="" desc="" dropdown="" fullname="Down Control" hidden="false" id="32" name="_DownControl" order="6"/>
        <actor default="thisactor" defaultValue="thisactor" desc="" dropdown="" fullname="Actor" hidden="true" id="2147483647" name="actor" order="0"/>
        <control default="" defaultValue="" desc="" dropdown="" fullname="Left Control" hidden="false" id="33" name="_LeftControl" order="7"/>
        <control default="" defaultValue="" desc="" dropdown="" fullname="Right Control" hidden="false" id="34" name="_RightControl" order="8"/>
        <number default="0.0" defaultValue="0.0" desc="" dropdown="" fullname="Move X" hidden="true" id="35" name="_MoveX" order="1"/>
        <number default="0.0" defaultValue="0.0" desc="" dropdown="" fullname="Move Y" hidden="true" id="36" name="_MoveY" order="2"/>
        <boolean default="true" defaultValue="true" desc="If selected, the actor will move in diagonal directions at the same speed as in axis-aligned directions.&lt;br /&gt;&#10;If unselected, the actor will move in diagonal direction at a speed that is the sum of the axis-aligned velocities." dropdown="" fullname="Normalize Diagonal Speed" hidden="false" id="37" name="_NormalizeDiagonalSpeed" order="10"/>
        <number default="0.0" defaultValue="0.0" desc="" dropdown="" fullname="Sqrt2" hidden="true" id="38" name="_Sqrt2" order="3"/>
        <boolean default="true" defaultValue="true" desc="If selected, the actor will not be able to turn while moving." dropdown="" fullname="Stop Turning While Moving" hidden="false" id="39" name="_StopTurningWhileMoving" order="11"/>
        <boolean default="true" defaultValue="true" desc="If selected, the control attributes will be used to control the movement.&lt;br /&gt;&#10;If unselected, the control attributes are ignored and the movement can be controlled by triggering custom events.&lt;br /&gt;&#10;Trigger the events  &lt;var&gt;MoveUp&lt;/var&gt;, &lt;var&gt;MoveDown&lt;/var&gt;, &lt;var&gt;MoveLeft&lt;/var&gt; or &lt;var&gt;MoveRight&lt;/var&gt; to make the actor move as if the keys were pressed." dropdown="" fullname="Use Controls" hidden="false" id="40" name="_UseControls" order="4"/>
        <number default="30.0" defaultValue="30.0" desc="The speed of the movement." dropdown="" fullname="Speed" hidden="false" id="11" name="_Speed" order="9"/>
        <boolean default="true" defaultValue="true" desc="If selected, the animation attributes will be used, otherwise they will be ignored." dropdown="" fullname="Use Animations" hidden="false" id="49" name="_UseAnimations" order="12"/>
        <animation default="" defaultValue="" desc="" dropdown="" fullname="Up Animation (Idle)" hidden="false" id="50" name="_UpAnimationIdle" order="13"/>
        <animation default="" defaultValue="" desc="" dropdown="" fullname="Up Animation" hidden="false" id="51" name="_UpAnimation" order="14"/>
        <animation default="" defaultValue="" desc="" dropdown="" fullname="Down Animation (Idle)" hidden="false" id="52" name="_DownAnimationIdle" order="15"/>
        <animation default="" defaultValue="" desc="" dropdown="" fullname="Down Animation" hidden="false" id="53" name="_DownAnimation" order="16"/>
        <animation default="" defaultValue="" desc="" dropdown="" fullname="Left Animation (Idle)" hidden="false" id="54" name="_LeftAnimationIdle" order="17"/>
        <animation default="" defaultValue="" desc="" dropdown="" fullname="Left Animation" hidden="false" id="55" name="_LeftAnimation" order="18"/>
        <animation default="" defaultValue="" desc="" dropdown="" fullname="Right Animation (Idle)" hidden="false" id="56" name="_RightAnimationIdle" order="19"/>
        <animation default="" defaultValue="" desc="" dropdown="" fullname="Right Animation" hidden="false" id="57" name="_RightAnimation" order="20"/>
        <boolean default="false" defaultValue="false" desc="If selected and moving in a diagonal direction, the Up and Down animations will be used, otherwise the Left and Right animations will be used." dropdown="" fullname="Prefer Vertical Animtations" hidden="false" id="58" name="_PreferVerticalAnimtations" order="21"/>
        <boolean default="false" defaultValue="false" desc="" dropdown="" fullname="PlayerFrozen" hidden="false" id="59" name="_PlayerFrozen" order="22"/>
        <number default="0.0" defaultValue="0.0" desc="" dropdown="" fullname="SpeedContainer" hidden="false" id="60" name="_SpeedContainer" order="23"/>
        <control default="" defaultValue="" desc="" dropdown="" fullname="Up Control" hidden="false" id="31" name="_UpControl" order="5"/>
        <blocks/>
        <events>
            <event displayName="Updated" enabled="true" id="3" name="step" order="4" repeats="true"/>
            <event displayName="Created" enabled="true" id="4" name="init" order="3" repeats="true"/>
            <event displayName="Custom Event" enabled="true" id="6" name="event-custom" order="4" repeats="true"/>
            <event displayName="Custom Event" enabled="true" id="7" name="event-custom" order="5" repeats="true"/>
            <event displayName="Custom Event" enabled="true" id="8" name="event-custom" order="6" repeats="true"/>
            <event displayName="Custom Event" enabled="true" id="9" name="event-custom" order="7" repeats="true"/>
        </events>
    </snippet>
    <snippet attachedevent="false" class="scripts.Design_4_4_CameraFollow" classname="scripts.Design_4_4_CameraFollow" desc="Attach to an actor to make the camera follow it. You can then specify the speed at which the camera should &quot;scroll&quot; towards the actor." description="Attach to an actor to make the camera follow it. You can then specify the speed at which the camera should &quot;scroll&quot; towards the actor." design="true" drawOrder="0" id="4" name="Camera Follow" oid="-1" package="scripts" shared="false" type="actor">
        <actor default="thisactor" defaultValue="thisactor" desc="" dropdown="" fullname="Actor" hidden="true" id="2147483647" name="actor" order="0"/>
        <number default="0.0" defaultValue="0.0" desc="INTERNAL ATTRIBUTE: The x-position that the camera should be." dropdown="" fullname="intendedCameraX" hidden="true" id="1" name="_intendedCameraX" order="7"/>
        <number default="0.0" defaultValue="0.0" desc="INTERNAL ATTRIBUTE: The y-position that the camera should be." dropdown="" fullname="intendedCameraY" hidden="true" id="4" name="_intendedCameraY" order="8"/>
        <number default="0.0" defaultValue="0.0" desc="INTERNAL ATTRIBUTE: The current x-position of the camera." dropdown="" fullname="currentCameraX" hidden="true" id="6" name="_currentCameraX" order="5"/>
        <number default="0.0" defaultValue="0.0" desc="INTERNAL ATTRIBUTE: The current y-position of the camera." dropdown="" fullname="currentCameraY" hidden="true" id="8" name="_currentCameraY" order="6"/>
        <number default="0.0" defaultValue="0.0" desc="The speed, in pixels per frame, that the camera should scroll by following the actor. Leave as 0 to indicate an instant jump." dropdown="" fullname="Scroll Speed" hidden="false" id="9" name="_ScrollSpeed" order="4"/>
        <blocks/>
        <events>
            <event displayName="Updated" enabled="true" id="1" name="step" order="3" repeats="true"/>
            <event displayName="Created" enabled="true" id="2" name="init" order="1" repeats="true"/>
        </events>
    </snippet>
    <snippet actorid="8" attachedevent="true" class="scripts.ActorEvents_8" classname="scripts.ActorEvents_8" desc="Actor Specific Events" description="Actor Specific Events" design="true" drawOrder="0" id="5" name="ActorEvents_8" oid="-1" package="scripts." shared="false" type="actor">
        <blocks/>
        <events/>
    </snippet>
    <snippet actorid="10" attachedevent="true" class="scripts.ActorEvents_10" classname="scripts.ActorEvents_10" desc="Actor Specific Events" description="Actor Specific Events" design="true" drawOrder="0" id="6" name="ActorEvents_10" oid="-1" package="scripts." shared="false" type="actor">
        <blocks/>
        <events/>
    </snippet>
    <snippet actorid="12" attachedevent="true" class="scripts.ActorEvents_12" classname="scripts.ActorEvents_12" desc="Actor Specific Events" description="Actor Specific Events" design="true" drawOrder="0" id="7" name="ActorEvents_12" oid="-1" package="scripts." shared="false" type="actor">
        <boolean default="false" defaultValue="false" desc="" dropdown="" fullname="Killable" hidden="false" id="1" name="_Killable" order="0"/>
        <boolean default="false" defaultValue="false" desc="" dropdown="" fullname="Stop Moving" hidden="false" id="2" name="_StopMoving" order="1"/>
        <blocks/>
        <events>
            <event displayName="Created" enabled="true" id="2" name="init" order="4" repeats="true"/>
            <event displayName="Entity Collision" enabled="true" id="4" name="event-collide-actortogroup" order="7" repeats="true"/>
            <event displayName="Energy Collision" enabled="true" id="5" name="event-collide-actortotype" order="5" repeats="true"/>
            <event displayName="Fuel Collision" enabled="true" id="6" name="event-collide-actortotype" order="6" repeats="true"/>
            <event displayName="Door Collision" enabled="true" id="7" name="event-collide-actortotype" order="9" repeats="true"/>
        </events>
    </snippet>
    <snippet attachedevent="false" class="scripts.Design_8_8_EntityMultiply" classname="scripts.Design_8_8_EntityMultiply" desc="" description="" design="true" drawOrder="0" id="8" name="EntityMultiply" oid="-1" package="scripts" shared="false" type="actor">
        <actor default="thisactor" defaultValue="thisactor" desc="" dropdown="" fullname="Actor" hidden="true" id="2147483647" name="actor" order="0"/>
        <number default="0.0" defaultValue="0.0" desc="" dropdown="" fullname="NewRandomNum" hidden="true" id="6" name="_NewRandomNum" order="1"/>
        <number default="0.0" defaultValue="0.0" desc="How often Entity actors try to spread on a roll from 1 to SpreadRate." dropdown="" fullname="SpreadRate" hidden="false" id="7" name="_SpreadRate" order="4"/>
        <number default="0.0" defaultValue="0.0" desc="" dropdown="" fullname="RandomXValue" hidden="true" id="8" name="_RandomXValue" order="5"/>
        <number default="0.0" defaultValue="0.0" desc="" dropdown="" fullname="RandomYValue" hidden="true" id="9" name="_RandomYValue" order="6"/>
        <boolean default="false" defaultValue="false" desc="" dropdown="" fullname="IsTileValidForSpawn" hidden="true" id="10" name="_IsTileValidForSpawn" order="7"/>
        <boolean default="false" defaultValue="false" desc="" dropdown="" fullname="ActorIsPresent" hidden="true" id="11" name="_ActorIsPresent" order="8"/>
        <boolean default="false" defaultValue="false" desc="" dropdown="" fullname="KeepAlive" hidden="true" id="12" name="_KeepAlive" order="2"/>
        <number default="0" defaultValue="0" desc="" dropdown="" fullname="SecondsToSpread" hidden="false" id="13" name="_SecondsToSpread" order="3"/>
        <blocks/>
        <events>
            <event displayName="Every N secs" enabled="true" id="1" name="event-periodic" order="1" repeats="true"/>
        </events>
    </snippet>
    <snippet attachedevent="false" class="scripts.Design_9_9_AlwaysSimulate" classname="scripts.Design_9_9_AlwaysSimulate" desc="Allows the actor to simulate even when off screen." description="Allows the actor to simulate even when off screen." design="true" drawOrder="0" id="9" name="Always Simulate" oid="-1" package="scripts" shared="false" type="actor">
        <actor default="thisactor" defaultValue="thisactor" desc="" dropdown="" fullname="Actor" hidden="true" id="2147483647" name="actor" order="2147483647"/>
        <blocks/>
        <events>
            <event displayName="Created" enabled="true" id="1" name="init" order="1" repeats="true"/>
        </events>
    </snippet>
    <snippet attachedevent="false" class="scripts.Design_11_11_DieOnCollisionWithActorType" classname="scripts.Design_11_11_DieOnCollisionWithActorType" desc="Attach to an actor to make it die when it collides with a specific actor type." description="Attach to an actor to make it die when it collides with a specific actor type." design="true" drawOrder="0" id="11" name="Die On Collision With Actor Type" oid="-1" package="scripts" shared="false" type="actor">
        <actor default="thisactor" defaultValue="thisactor" desc="" dropdown="" fullname="Actor" hidden="true" id="2147483647" name="actor" order="0"/>
        <actortype default="5" defaultValue="5" desc="When the actor collides with an actor, it will die if the other actor is of this type." dropdown="" fullname="Actor Type" hidden="false" id="2" name="_ActorType" order="1"/>
        <blocks/>
        <events>
            <event displayName="Collision" enabled="true" id="1" name="event-collide-actortotype" order="1" repeats="true"/>
        </events>
    </snippet>
    <snippet attachedevent="false" class="scripts.Design_12_12_PlayerDeathAnimation" classname="scripts.Design_12_12_PlayerDeathAnimation" desc="" description="" design="true" drawOrder="0" id="12" name="PlayerDeathAnimation" oid="-1" package="scripts" shared="false" type="actor">
        <actor default="thisactor" defaultValue="thisactor" desc="" dropdown="" fullname="Actor" hidden="true" id="2147483647" name="actor" order="2147483647"/>
        <blocks/>
        <events>
            <event displayName="Actor Created" enabled="true" id="1" name="event-actor-create-kill" order="1" repeats="true"/>
        </events>
    </snippet>
    <snippet actorid="17" attachedevent="true" class="scripts.ActorEvents_17" classname="scripts.ActorEvents_17" desc="Actor Specific Events" description="Actor Specific Events" design="true" drawOrder="0" id="13" name="ActorEvents_17" oid="-1" package="scripts." shared="false" type="actor">
        <blocks/>
        <events>
            <event displayName="Created" enabled="true" id="1" name="init" order="1" repeats="true"/>
        </events>
    </snippet>
    <snippet attachedevent="false" class="scripts.Design_14_14_InitialSpawns" classname="scripts.Design_14_14_InitialSpawns" desc="" description="" design="true" drawOrder="0" id="14" name="SpawnHandler" oid="-1" package="scripts" shared="false" type="scene">
        <number default="0.0" defaultValue="0.0" desc="" dropdown="" fullname="RandomXValue" hidden="true" id="1" name="_RandomXValue" order="0"/>
        <number default="0.0" defaultValue="0.0" desc="" dropdown="" fullname="RandomYValue" hidden="true" id="2" name="_RandomYValue" order="1"/>
        <boolean default="false" defaultValue="false" desc="" dropdown="" fullname="IsTileValidForSpawn" hidden="true" id="3" name="_IsTileValidForSpawn" order="2"/>
        <actor default="" defaultValue="" desc="" dropdown="" fullname="Player" hidden="false" id="4" name="_Player" order="3"/>
        <number default="0" defaultValue="0" desc="" dropdown="" fullname="Number of Power Cells to Spawn" hidden="false" id="5" name="_NumberofPowerCellstoSpawn" order="4"/>
        <number default="0" defaultValue="0" desc="" dropdown="" fullname="Number of Fuel Cans to Spawn" hidden="false" id="6" name="_NumberofFuelCanstoSpawn" order="5"/>
        <number default="0" defaultValue="0" desc="" dropdown="" fullname="Number of Initial Entity Spawns" hidden="false" id="7" name="_NumberofInitialEntitySpawns" order="6"/>
        <number default="60" defaultValue="60" desc="" dropdown="" fullname="EntitySpawnInterval" hidden="false" id="8" name="_EntitySpawnInterval" order="7"/>
        <number default="0.0" defaultValue="0.0" desc="" dropdown="" fullname="NumOfEntitiesToSpawn" hidden="false" id="10" name="_NumOfEntitiesToSpawn" order="8"/>
        <blocks/>
        <events>
            <event displayName="Created" enabled="true" id="1" name="init" order="1" repeats="true"/>
            <event displayName="SpawnEntities" enabled="true" id="3" name="event-custom" order="2" repeats="true"/>
            <event displayName="SpawnPowerCell" enabled="true" id="4" name="event-custom" order="4" repeats="true"/>
            <event displayName="SpawnFuel" enabled="true" id="5" name="event-custom" order="5" repeats="true"/>
            <event displayName="Every N secs" enabled="true" id="6" name="event-periodic" order="3" repeats="true"/>
        </events>
    </snippet>
    <snippet actorid="19" attachedevent="true" class="scripts.ActorEvents_19" classname="scripts.ActorEvents_19" desc="Actor Specific Events" description="Actor Specific Events" design="true" drawOrder="0" id="15" name="ActorEvents_19" oid="-1" package="scripts." shared="false" type="actor">
        <blocks/>
        <events>
            <event displayName="Created" enabled="true" id="1" name="init" order="1" repeats="true"/>
            <event displayName="Actor Killed" enabled="true" id="2" name="event-actor-create-kill" order="2" repeats="true"/>
        </events>
    </snippet>
    <snippet actorid="21" attachedevent="true" class="scripts.ActorEvents_21" classname="scripts.ActorEvents_21" desc="Actor Specific Events" description="Actor Specific Events" design="true" drawOrder="0" id="16" name="ActorEvents_21" oid="-1" package="scripts." shared="false" type="actor">
        <blocks/>
        <events>
            <event displayName="Created" enabled="true" id="1" name="init" order="1" repeats="true"/>
            <event displayName="Actor Killed" enabled="true" id="2" name="event-actor-create-kill" order="2" repeats="true"/>
        </events>
    </snippet>
    <snippet attachedevent="false" class="scripts.Design_19_19_PowerUpTheShip" classname="scripts.Design_19_19_PowerUpTheShip" desc="" description="" design="true" drawOrder="0" id="19" name="Action Button" oid="-1" package="scripts" shared="false" type="actor">
        <actor default="thisactor" defaultValue="thisactor" desc="" dropdown="" fullname="Actor" hidden="true" id="2147483647" name="actor" order="2147483647"/>
        <blocks/>
        <events/>
    </snippet>
    <snippet attachedevent="false" class="scripts.Design_20_20_ActionButton" classname="scripts.Design_20_20_ActionButton" desc="" description="" design="true" drawOrder="0" id="20" name="ActionButton" oid="-1" package="scripts" shared="false" type="scene">
        <actor default="" defaultValue="" desc="" dropdown="" fullname="Player" hidden="false" id="1" name="_Player" order="0"/>
        <region default="" defaultValue="" desc="" dropdown="" fullname="Shuttle" hidden="false" id="2" name="_Shuttle" order="1"/>
        <number default="0.0" defaultValue="0.0" desc="" dropdown="" fullname="MinEnergyGain" hidden="false" id="3" name="_MinEnergyGain" order="2"/>
        <number default="0.0" defaultValue="0.0" desc="" dropdown="" fullname="MaxEnergyGain" hidden="false" id="4" name="_MaxEnergyGain" order="3"/>
        <number default="0.0" defaultValue="0.0" desc="The offset in the direction of movement at which the bullets will be created." dropdown="" fullname="Offset" hidden="false" id="5" name="_Offset" order="4"/>
        <number default="0.0" defaultValue="0.0" desc="" dropdown="" fullname="Fire Direction" hidden="true" id="6" name="_FireDirection" order="5"/>
        <text default="" defaultValue="" desc="Shoot up if the current animation name contains this text." dropdown="" fullname="Up Animations" hidden="false" id="7" name="_UpAnimations" order="6"/>
        <text default="" defaultValue="" desc="Shoot down if the current animation name contains this text." dropdown="" fullname="Down Animations" hidden="false" id="8" name="_DownAnimations" order="7"/>
        <text default="" defaultValue="" desc="Shoot left if the current animation name contains this text." dropdown="" fullname="Left Animations" hidden="false" id="9" name="_LeftAnimations" order="8"/>
        <text default="" defaultValue="" desc="Shoot right if the current animation name contains this text." dropdown="" fullname="Right Animations" hidden="false" id="10" name="_RightAnimations" order="9"/>
        <boolean default="" defaultValue="" desc="" dropdown="" fullname="Wait" hidden="true" id="11" name="_Wait" order="10"/>
        <number default="0.0" defaultValue="0.0" desc="The maximum number of bullets created per second." dropdown="" fullname="Rate Of Fire" hidden="false" id="12" name="_RateOfFire" order="11"/>
        <number default="0.0" defaultValue="0.0" desc="" dropdown="" fullname="RandomEnergy" hidden="true" id="13" name="_RandomEnergy" order="12"/>
        <blocks/>
        <events>
            <event displayName="Keyboard" enabled="true" id="1" name="event-key-press-release" order="1" repeats="true"/>
        </events>
    </snippet>
    <snippet actorid="23" attachedevent="true" class="scripts.ActorEvents_23" classname="scripts.ActorEvents_23" desc="Actor Specific Events" description="Actor Specific Events" design="true" drawOrder="0" id="21" name="ActorEvents_23" oid="-1" package="scripts." shared="false" type="actor">
        <blocks/>
        <events>
            <event displayName="Created" enabled="true" id="2" name="init" order="2" repeats="true"/>
        </events>
    </snippet>
    <snippet attachedevent="false" class="scripts.Design_22_22_FireBullet" classname="scripts.Design_22_22_FireBullet" desc="Spawn bullets from the actor's position." description="Spawn bullets from the actor's position." design="true" drawOrder="0" id="22" name="Fire Bullet" oid="-1" package="scripts" shared="false" type="actor">
        <text default="" defaultValue="" desc="How to determine the direction of the bullets:&lt;br/&gt;&#10;&lt;br/&gt;&#10;&lt;em&gt;Relative&lt;/em&gt; - Treat &lt;em&gt;Direction&lt;/em&gt; relative to the actor's orientation.&lt;br/&gt;&#10;&lt;em&gt;Absolute&lt;/em&gt; - Treat &lt;em&gt;Direction &lt;/em&gt; as absolute.&lt;br/&gt;&#10;&lt;em&gt;Based on Animations&lt;/em&gt; - Determine the direction based on the current animation." dropdown="Relative=Relative&#10;Absolute=Absolute&#10;Based on Animations=Based on Animations" fullname="Direction Mode" hidden="false" id="32" name="_DirectionMode" order="11"/>
        <actor default="thisactor" defaultValue="thisactor" desc="" dropdown="" fullname="Actor" hidden="true" id="2147483647" name="actor" order="0"/>
        <number default="50.0" defaultValue="50.0" desc="The speed at which the bullets will move." dropdown="" fullname="Bullet Speed" hidden="false" id="2" name="_BulletSpeed" order="10"/>
        <actortype default="" defaultValue="" desc="The bullet actor type to create." dropdown="" fullname="Bullet Type" hidden="false" id="4" name="_BulletType" order="9"/>
        <number default="0.0" defaultValue="0.0" desc="The direction in which the bullet will move.&lt;br/&gt;&#10;Only used if &lt;em&gt;Direction Mode&lt;/em&gt; is &lt;em&gt;Relative&lt;/em&gt; or &lt;em&gt;Absolute&lt;/em&gt;. If &lt;em&gt;Direction Mode&lt;/em&gt; is &lt;em&gt;Based on Animations&lt;/em&gt; the following four attributes determine the direction instead." dropdown="North=-90&#10;North East=-45&#10;East=0&#10;South East=45&#10;South=90&#10;South West=135&#10;West=180&#10;North West=-135" fullname="Direction" hidden="false" id="5" name="_Direction" order="12"/>
        <number default="0.0" defaultValue="0.0" desc="The offset in the direction of movement at which the bullets will be created." dropdown="" fullname="Offset" hidden="false" id="9" name="_Offset" order="17"/>
        <control default="" defaultValue="" desc="" dropdown="" fullname="Fire Control" hidden="false" id="13" name="_FireControl" order="8"/>
        <number default="0.0" defaultValue="0.0" desc="" dropdown="" fullname="Fire Direction" hidden="true" id="15" name="_FireDirection" order="3"/>
        <boolean default="true" defaultValue="true" desc="If selected, holding down the &lt;var&gt;Fire Control&lt;/var&gt; will fire bullets. &lt;br /&gt;&#10;&lt;br /&gt;&#10;You can also trigger the &lt;var&gt;FireBullet&lt;/var&gt; event to fire a bullet." dropdown="" fullname="Use Controls" hidden="false" id="16" name="_UseControls" order="7"/>
        <boolean default="true" defaultValue="true" desc="If selected, holding down the mouse will fire bullets." dropdown="" fullname="Use the Mouse" hidden="false" id="17" name="_UsetheMouse" order="6"/>
        <boolean default="false" defaultValue="false" desc="If selected, no more than &lt;var&gt;Maximum Bullets Alive&lt;/var&gt; can be alive at the same time." dropdown="" fullname="Limit Bullets Alive" hidden="false" id="18" name="_LimitBulletsAlive" order="19"/>
        <number default="1.0" defaultValue="1.0" desc="The maximum number of actors to be alive at the same time. Only used if &lt;var&gt;Limit Bullets Alive&lt;/var&gt; is selected." dropdown="" fullname="Maximum Bullets Alive" hidden="false" id="19" name="_MaximumBulletsAlive" order="20"/>
        <number default="0.0" defaultValue="0.0" desc="" dropdown="" fullname="Bullets Alive" hidden="true" id="20" name="_BulletsAlive" order="4"/>
        <boolean default="false" defaultValue="false" desc="" dropdown="" fullname="Fire" hidden="true" id="21" name="_Fire" order="2"/>
        <boolean default="false" defaultValue="false" desc="" dropdown="" fullname="Wait" hidden="true" id="22" name="_Wait" order="5"/>
        <number default="3.0" defaultValue="3.0" desc="The maximum number of bullets created per second." dropdown="" fullname="Rate Of Fire" hidden="false" id="23" name="_RateOfFire" order="18"/>
        <number default="100" defaultValue="100" desc="The maximum ammunition the actor can have.&lt;br /&gt;&#10;Only used if &lt;var&gt;Use Ammunition&lt;/var&gt; is selected." dropdown="" fullname="Maximum Ammunition" hidden="false" id="24" name="_MaximumAmmunition" order="22"/>
        <number default="5.0" defaultValue="5.0" desc="The current ammunition the actor has when created.&lt;br /&gt;&#10;Only used if &lt;var&gt;Use Ammunition&lt;/var&gt; is selected.&lt;br/&gt;Trigger the &lt;var&gt;Reload&lt;/var&gt; event to set the current ammunition to the maximum ammunition." dropdown="" fullname="Current Ammunition" hidden="false" id="25" name="_CurrentAmmunition" order="23"/>
        <boolean default="false" defaultValue="false" desc="If selected, the current ammunition will be reduced by one on every shot." dropdown="" fullname="Use Ammunition" hidden="false" id="26" name="_UseAmmunition" order="21"/>
        <text default="" defaultValue="" desc="Shoot up if the current animation name contains this text." dropdown="" fullname="Up Animations" hidden="false" id="28" name="_UpAnimations" order="13"/>
        <text default="" defaultValue="" desc="Shoot down if the current animation name contains this text." dropdown="" fullname="Down Animations" hidden="false" id="29" name="_DownAnimations" order="14"/>
        <text default="" defaultValue="" desc="Shoot left if the current animation name contains this text." dropdown="" fullname="Left Animations" hidden="false" id="30" name="_LeftAnimations" order="15"/>
        <text default="" defaultValue="" desc="Shoot right if the current animation name contains this text." dropdown="" fullname="Right Animations" hidden="false" id="31" name="_RightAnimations" order="16"/>
        <blocks/>
        <events>
            <event displayName="FireBullet" enabled="true" id="6" name="event-custom" order="9" repeats="true"/>
            <event displayName="Updated" enabled="true" id="9" name="step" order="6" repeats="true"/>
            <event displayName="Reload" enabled="true" id="10" name="event-custom" order="10" repeats="true"/>
        </events>
    </snippet>
    <snippet attachedevent="false" class="scripts.Design_24_24_WeldDoor" classname="scripts.Design_24_24_WeldDoor" desc="" description="" design="true" drawOrder="0" id="24" name="Weld Door" oid="-1" package="scripts" shared="false" type="scene">
        <blocks/>
        <events>
            <event displayName="Type - Type" enabled="true" id="1" name="event-collide-typetotype" order="1" repeats="true"/>
        </events>
    </snippet>
    <snippet actorid="25" attachedevent="true" class="scripts.ActorEvents_25" classname="scripts.ActorEvents_25" desc="Actor Specific Events" description="Actor Specific Events" design="true" drawOrder="0" id="26" name="ActorEvents_25" oid="-1" package="scripts." shared="false" type="actor">
        <blocks/>
        <events>
            <event displayName="Created" enabled="true" id="1" name="init" order="1" repeats="true"/>
        </events>
    </snippet>
    <snippet attachedevent="false" class="scripts.Design_27_27" classname="scripts.Design_27_27" desc="Spawn bullets from the actor's position." description="Spawn bullets from the actor's position." design="true" drawOrder="0" id="27" name="Bash Action" oid="-1" package="scripts" shared="false" type="actor">
        <text default="" defaultValue="" desc="How to determine the direction of the bullets:&lt;br/&gt;&#10;&lt;br/&gt;&#10;&lt;em&gt;Relative&lt;/em&gt; - Treat &lt;em&gt;Direction&lt;/em&gt; relative to the actor's orientation.&lt;br/&gt;&#10;&lt;em&gt;Absolute&lt;/em&gt; - Treat &lt;em&gt;Direction &lt;/em&gt; as absolute.&lt;br/&gt;&#10;&lt;em&gt;Based on Animations&lt;/em&gt; - Determine the direction based on the current animation." dropdown="Relative=Relative&#10;Absolute=Absolute&#10;Based on Animations=Based on Animations" fullname="Direction Mode" hidden="false" id="32" name="_DirectionMode" order="11"/>
        <actor default="thisactor" defaultValue="thisactor" desc="" dropdown="" fullname="Actor" hidden="true" id="2147483647" name="actor" order="0"/>
        <number default="" defaultValue="" desc="The speed at which the bullets will move." dropdown="" fullname="Bullet Speed" hidden="false" id="2" name="_BulletSpeed" order="10"/>
        <actortype default="25" defaultValue="25" desc="The bullet actor type to create." dropdown="" fullname="Bullet Type" hidden="false" id="4" name="_BulletType" order="9"/>
        <number default="0.0" defaultValue="0.0" desc="The direction in which the bullet will move.&lt;br/&gt;&#10;Only used if &lt;em&gt;Direction Mode&lt;/em&gt; is &lt;em&gt;Relative&lt;/em&gt; or &lt;em&gt;Absolute&lt;/em&gt;. If &lt;em&gt;Direction Mode&lt;/em&gt; is &lt;em&gt;Based on Animations&lt;/em&gt; the following four attributes determine the direction instead." dropdown="North=-90&#10;North East=-45&#10;East=0&#10;South East=45&#10;South=90&#10;South West=135&#10;West=180&#10;North West=-135" fullname="Direction" hidden="false" id="5" name="_Direction" order="12"/>
        <number default="" defaultValue="" desc="The offset in the direction of movement at which the bullets will be created." dropdown="" fullname="Offset" hidden="false" id="9" name="_Offset" order="17"/>
        <control default="" defaultValue="" desc="" dropdown="" fullname="Fire Control" hidden="false" id="13" name="_FireControl" order="8"/>
        <number default="0.0" defaultValue="0.0" desc="" dropdown="" fullname="Fire Direction" hidden="true" id="15" name="_FireDirection" order="3"/>
        <boolean default="" defaultValue="" desc="If selected, holding down the &lt;var&gt;Fire Control&lt;/var&gt; will fire bullets. &lt;br /&gt;&#10;&lt;br /&gt;&#10;You can also trigger the &lt;var&gt;FireBullet&lt;/var&gt; event to fire a bullet." dropdown="" fullname="Use Controls" hidden="false" id="16" name="_UseControls" order="7"/>
        <boolean default="" defaultValue="" desc="If selected, holding down the mouse will fire bullets." dropdown="" fullname="Use the Mouse" hidden="false" id="17" name="_UsetheMouse" order="6"/>
        <boolean default="" defaultValue="" desc="If selected, no more than &lt;var&gt;Maximum Bullets Alive&lt;/var&gt; can be alive at the same time." dropdown="" fullname="Limit Bullets Alive" hidden="false" id="18" name="_LimitBulletsAlive" order="19"/>
        <number default="" defaultValue="" desc="The maximum number of actors to be alive at the same time. Only used if &lt;var&gt;Limit Bullets Alive&lt;/var&gt; is selected." dropdown="" fullname="Maximum Bullets Alive" hidden="false" id="19" name="_MaximumBulletsAlive" order="20"/>
        <number default="0.0" defaultValue="0.0" desc="" dropdown="" fullname="Bullets Alive" hidden="true" id="20" name="_BulletsAlive" order="4"/>
        <boolean default="" defaultValue="" desc="" dropdown="" fullname="Fire" hidden="true" id="21" name="_Fire" order="2"/>
        <boolean default="" defaultValue="" desc="" dropdown="" fullname="Wait" hidden="true" id="22" name="_Wait" order="5"/>
        <number default="0.0" defaultValue="0.0" desc="The maximum number of bullets created per second." dropdown="" fullname="Rate Of Fire" hidden="false" id="23" name="_RateOfFire" order="18"/>
        <number default="" defaultValue="" desc="The maximum ammunition the actor can have.&lt;br /&gt;&#10;Only used if &lt;var&gt;Use Ammunition&lt;/var&gt; is selected." dropdown="" fullname="Maximum Ammunition" hidden="false" id="24" name="_MaximumAmmunition" order="22"/>
        <number default="0.0" defaultValue="0.0" desc="The current ammunition the actor has when created.&lt;br /&gt;&#10;Only used if &lt;var&gt;Use Ammunition&lt;/var&gt; is selected.&lt;br/&gt;Trigger the &lt;var&gt;Reload&lt;/var&gt; event to set the current ammunition to the maximum ammunition." dropdown="" fullname="Current Ammunition" hidden="false" id="25" name="_CurrentAmmunition" order="23"/>
        <boolean default="" defaultValue="" desc="If selected, the current ammunition will be reduced by one on every shot." dropdown="" fullname="Use Ammunition" hidden="false" id="26" name="_UseAmmunition" order="21"/>
        <text default="" defaultValue="" desc="Shoot up if the current animation name contains this text." dropdown="" fullname="Up Animations" hidden="false" id="28" name="_UpAnimations" order="13"/>
        <text default="" defaultValue="" desc="Shoot down if the current animation name contains this text." dropdown="" fullname="Down Animations" hidden="false" id="29" name="_DownAnimations" order="14"/>
        <text default="" defaultValue="" desc="Shoot left if the current animation name contains this text." dropdown="" fullname="Left Animations" hidden="false" id="30" name="_LeftAnimations" order="15"/>
        <text default="" defaultValue="" desc="Shoot right if the current animation name contains this text." dropdown="" fullname="Right Animations" hidden="false" id="31" name="_RightAnimations" order="16"/>
        <blocks/>
        <events>
            <event displayName="FireBullet" enabled="true" id="6" name="event-custom" order="9" repeats="true"/>
            <event displayName="Updated" enabled="true" id="9" name="step" order="6" repeats="true"/>
            <event displayName="Reload" enabled="true" id="10" name="event-custom" order="10" repeats="true"/>
        </events>
    </snippet>
    <snippet attachedevent="false" class="scripts.Design_29_29_AnchortoScreen" classname="scripts.Design_29_29_AnchortoScreen" desc="Make the actor's position relative to the screen." description="Make the actor's position relative to the screen." design="true" drawOrder="0" id="29" name="Anchor to Screen" oid="-1" package="scripts" shared="false" type="actor">
        <actor default="thisactor" defaultValue="thisactor" desc="" dropdown="" fullname="Actor" hidden="true" id="2147483647" name="actor" order="2147483647"/>
        <blocks/>
        <events>
            <event displayName="Created" enabled="true" id="1" name="init" order="1" repeats="true"/>
        </events>
    </snippet>
    <snippet actorid="30" attachedevent="true" class="scripts.ActorEvents_30" classname="scripts.ActorEvents_30" desc="Actor Specific Events" description="Actor Specific Events" design="true" drawOrder="0" id="30" name="ActorEvents_30" oid="-1" package="scripts." shared="false" type="actor">
        <blocks/>
        <events>
            <event displayName="Created" enabled="true" id="1" name="init" order="1" repeats="true"/>
        </events>
    </snippet>
    <snippet actorid="32" attachedevent="true" class="scripts.ActorEvents_32" classname="scripts.ActorEvents_32" desc="Actor Specific Events" description="Actor Specific Events" design="true" drawOrder="0" id="31" name="ActorEvents_32" oid="-1" package="scripts." shared="false" type="actor">
        <blocks/>
        <events>
            <event displayName="Created" enabled="true" id="1" name="init" order="1" repeats="true"/>
        </events>
    </snippet>
    <snippet attachedevent="false" class="scripts.Design_33_33_GUIEnergyBar" classname="scripts.Design_33_33_GUIEnergyBar" desc="" description="" design="true" drawOrder="0" id="33" name="GUIBars" oid="-1" package="scripts" shared="false" type="actor">
        <actor default="thisactor" defaultValue="thisactor" desc="" dropdown="" fullname="Actor" hidden="true" id="2147483647" name="actor" order="0"/>
        <number default="0" defaultValue="0" desc="" dropdown="" fullname="xPos" hidden="false" id="1" name="_xPos" order="1"/>
        <number default="0" defaultValue="0" desc="" dropdown="" fullname="yPos" hidden="false" id="2" name="_yPos" order="2"/>
        <number default="0" defaultValue="0" desc="" dropdown="" fullname="Width" hidden="false" id="3" name="_Width" order="3"/>
        <number default="0.0" defaultValue="0.0" desc="" dropdown="" fullname="Height" hidden="false" id="4" name="_Height" order="4"/>
        <image default="" defaultValue="" desc="" dropdown="" fullname="EnergyImage" hidden="false" id="5" name="_EnergyImage" order="5"/>
        <actor default="" defaultValue="" desc="" dropdown="" fullname="EnergyCell" hidden="false" id="6" name="_EnergyCell" order="6"/>
        <image-instance default="" defaultValue="" desc="" dropdown="" fullname="EnergyInstance" hidden="false" id="7" name="_EnergyInstance" order="7"/>
        <blocks/>
        <events>
            <event displayName="Drawing" enabled="true" id="1" name="draw" order="1" repeats="true"/>
            <event displayName="Created" enabled="true" id="2" name="init" order="2" repeats="true"/>
        </events>
    </snippet>
    <snippet attachedevent="false" class="scripts.Design_35_35_BashDoor" classname="scripts.Design_35_35_BashDoor" desc="" description="" design="true" drawOrder="0" id="35" name="Bash Door" oid="-1" package="scripts" shared="false" type="scene">
        <blocks/>
        <events>
            <event displayName="Type - Type" enabled="true" id="1" name="event-collide-typetotype" order="1" repeats="true"/>
            <event displayName="Every N secs" enabled="true" id="2" name="event-periodic" order="2" repeats="true"/>
        </events>
    </snippet>
    <snippet attachedevent="false" class="scripts.Design_37_37_EntityMove" classname="scripts.Design_37_37_EntityMove" desc="" description="" design="true" drawOrder="0" id="37" name="EntityMove" oid="-1" package="scripts" shared="false" type="actor">
        <actor default="thisactor" defaultValue="thisactor" desc="" dropdown="" fullname="Actor" hidden="true" id="2147483647" name="actor" order="0"/>
        <number default="0" defaultValue="0" desc="" dropdown="" fullname="OriginalX" hidden="true" id="1" name="_OriginalX" order="1"/>
        <number default="0.0" defaultValue="0.0" desc="" dropdown="" fullname="OriginalY" hidden="true" id="2" name="_OriginalY" order="2"/>
        <boolean default="false" defaultValue="false" desc="" dropdown="" fullname="Stop Moving" hidden="true" id="3" name="_StopMoving" order="3"/>
        <blocks/>
        <events>
            <event displayName="MoveUp" enabled="true" id="1" name="event-custom" order="1" repeats="true"/>
            <event displayName="MoveDown" enabled="true" id="2" name="event-custom" order="6" repeats="true"/>
            <event displayName="MoveLeft" enabled="true" id="3" name="event-custom" order="5" repeats="true"/>
            <event displayName="MoveRight" enabled="true" id="4" name="event-custom" order="7" repeats="true"/>
            <event displayName="Updating" enabled="true" id="5" name="step" order="2" repeats="true"/>
            <event displayName="Door Collision" enabled="true" id="6" name="event-collide-actortotype" order="4" repeats="true"/>
            <event displayName="Created" enabled="true" id="7" name="init" order="3" repeats="true"/>
        </events>
    </snippet>
    <snippet attachedevent="false" class="scripts.Design_38_38_DoorBashStatus" classname="scripts.Design_38_38_DoorBashStatus" desc="" description="" design="true" drawOrder="0" id="38" name="DoorBashStatus" oid="-1" package="scripts" shared="false" type="actor">
        <actor default="thisactor" defaultValue="thisactor" desc="" dropdown="" fullname="Actor" hidden="true" id="2147483647" name="actor" order="0"/>
        <boolean default="false" defaultValue="false" desc="" dropdown="" fullname="BashCooldown" hidden="true" id="1" name="_BashCooldown" order="1"/>
        <blocks/>
        <events>
            <event displayName="Every N secs" enabled="true" id="1" name="event-periodic" order="1" repeats="true"/>
        </events>
    </snippet>
    <snippet attachedevent="true" class="scripts.SceneEvents_1" classname="scripts.SceneEvents_1" desc="Scene Specific Events" description="Scene Specific Events" design="true" drawOrder="0" id="39" name="SceneEvents_1" oid="-1" package="scripts." sceneid="1" shared="false" type="scene">
        <blocks/>
        <events>
            <event displayName="Keyboard" enabled="true" id="1" name="event-key-press-release" order="1" repeats="true"/>
            <event displayName="Created" enabled="true" id="2" name="init" order="3" repeats="true"/>
        </events>
    </snippet>
    <snippet actorid="34" attachedevent="true" class="scripts.ActorEvents_34" classname="scripts.ActorEvents_34" desc="Actor Specific Events" description="Actor Specific Events" design="true" drawOrder="0" id="40" name="ActorEvents_34" oid="-1" package="scripts." shared="false" type="actor">
        <blocks/>
        <events>
            <event displayName="Created" enabled="true" id="1" name="init" order="1" repeats="true"/>
        </events>
    </snippet>
    <snippet attachedevent="false" class="scripts.Design_41_41_GUITitle" classname="scripts.Design_41_41_GUITitle" desc="" description="" design="true" drawOrder="0" id="41" name="GUITitle" oid="-1" package="scripts" shared="false" type="actor">
        <actor default="thisactor" defaultValue="thisactor" desc="" dropdown="" fullname="Actor" hidden="true" id="2147483647" name="actor" order="0"/>
        <image default="" defaultValue="" desc="" dropdown="" fullname="ImgTitleText" hidden="true" id="1" name="_ImgTitleText" order="1"/>
        <image-instance default="" defaultValue="" desc="" dropdown="" fullname="ImgTitleInstance" hidden="true" id="2" name="_ImgTitleInstance" order="2"/>
        <blocks/>
        <events>
            <event displayName="Drawing" enabled="true" id="1" name="draw" order="1" repeats="true"/>
        </events>
    </snippet>
    <snippet actorid="36" attachedevent="true" class="scripts.ActorEvents_36" classname="scripts.ActorEvents_36" desc="Actor Specific Events" description="Actor Specific Events" design="true" drawOrder="0" id="42" name="ActorEvents_36" oid="-1" package="scripts." shared="false" type="actor">
        <blocks/>
        <events/>
    </snippet>
    <snippet attachedevent="true" class="scripts.SceneEvents_2" classname="scripts.SceneEvents_2" desc="Scene Specific Events" description="Scene Specific Events" design="true" drawOrder="0" id="43" name="SceneEvents_2" oid="-1" package="scripts." sceneid="2" shared="false" type="scene">
        <blocks/>
        <events>
            <event displayName="Keyboard" enabled="true" id="1" name="event-key-press-release" order="1" repeats="true"/>
            <event displayName="Created" enabled="true" id="2" name="init" order="2" repeats="true"/>
        </events>
    </snippet>
    <snippet actorid="41" attachedevent="true" class="scripts.ActorEvents_41" classname="scripts.ActorEvents_41" desc="Actor Specific Events" description="Actor Specific Events" design="true" drawOrder="0" id="44" name="ActorEvents_41" oid="-1" package="scripts." shared="false" type="actor">
        <blocks/>
        <events>
            <event displayName="Created" enabled="true" id="1" name="init" order="1" repeats="true"/>
        </events>
    </snippet>
    <snippet attachedevent="false" class="scripts.Design_45_45" classname="scripts.Design_45_45" desc="" description="" design="true" drawOrder="0" id="45" name="GUIWin" oid="-1" package="scripts" shared="false" type="actor">
        <actor default="thisactor" defaultValue="thisactor" desc="" dropdown="" fullname="Actor" hidden="true" id="2147483647" name="actor" order="0"/>
        <image default="" defaultValue="" desc="" dropdown="" fullname="ImgTitleText" hidden="true" id="1" name="_ImgTitleText" order="1"/>
        <image-instance default="" defaultValue="" desc="" dropdown="" fullname="ImgTitleInstance" hidden="true" id="2" name="_ImgTitleInstance" order="2"/>
        <blocks/>
        <events>
            <event displayName="Drawing" enabled="true" id="1" name="draw" order="1" repeats="true"/>
        </events>
    </snippet>
    <snippet attachedevent="true" class="scripts.SceneEvents_3" classname="scripts.SceneEvents_3" desc="Scene Specific Events" description="Scene Specific Events" design="true" drawOrder="0" id="46" name="SceneEvents_3" oid="-1" package="scripts." sceneid="3" shared="false" type="scene">
        <blocks/>
        <events>
            <event displayName="Keyboard" enabled="true" id="1" name="event-key-press-release" order="1" repeats="true"/>
            <event displayName="Created" enabled="true" id="2" name="init" order="2" repeats="true"/>
        </events>
    </snippet>
    <snippet actorid="43" attachedevent="true" class="scripts.ActorEvents_43" classname="scripts.ActorEvents_43" desc="Actor Specific Events" description="Actor Specific Events" design="true" drawOrder="0" id="47" name="ActorEvents_43" oid="-1" package="scripts." shared="false" type="actor">
        <blocks/>
        <events>
            <event displayName="Created" enabled="true" id="1" name="init" order="1" repeats="true"/>
        </events>
    </snippet>
    <snippet attachedevent="false" class="scripts.Design_48_48" classname="scripts.Design_48_48" desc="" description="" design="true" drawOrder="0" id="48" name="GUIGameOver" oid="-1" package="scripts" shared="false" type="actor">
        <actor default="thisactor" defaultValue="thisactor" desc="" dropdown="" fullname="Actor" hidden="true" id="2147483647" name="actor" order="0"/>
        <image default="" defaultValue="" desc="" dropdown="" fullname="ImgTitleText" hidden="true" id="1" name="_ImgTitleText" order="1"/>
        <image-instance default="" defaultValue="" desc="" dropdown="" fullname="ImgTitleInstance" hidden="true" id="2" name="_ImgTitleInstance" order="2"/>
        <blocks/>
        <events>
            <event displayName="Drawing" enabled="true" id="1" name="draw" order="1" repeats="true"/>
        </events>
    </snippet>
    <snippet actorid="45" attachedevent="true" class="scripts.ActorEvents_45" classname="scripts.ActorEvents_45" desc="Actor Specific Events" description="Actor Specific Events" design="true" drawOrder="0" id="50" name="ActorEvents_45" oid="-1" package="scripts." shared="false" type="actor">
        <blocks/>
        <events>
            <event displayName="Created" enabled="true" id="1" name="init" order="1" repeats="true"/>
        </events>
    </snippet>
    <snippet attachedevent="false" class="scripts.Design_51_51" classname="scripts.Design_51_51" desc="" description="" design="true" drawOrder="0" id="51" name="GUIControls" oid="-1" package="scripts" shared="false" type="actor">
        <actor default="thisactor" defaultValue="thisactor" desc="" dropdown="" fullname="Actor" hidden="true" id="2147483647" name="actor" order="0"/>
        <image default="" defaultValue="" desc="" dropdown="" fullname="ImgTitleText" hidden="true" id="1" name="_ImgTitleText" order="1"/>
        <image-instance default="" defaultValue="" desc="" dropdown="" fullname="ImgTitleInstance" hidden="true" id="2" name="_ImgTitleInstance" order="2"/>
        <blocks/>
        <events>
            <event displayName="Drawing" enabled="true" id="1" name="draw" order="1" repeats="true"/>
        </events>
    </snippet>
    <snippet attachedevent="true" class="scripts.SceneEvents_5" classname="scripts.SceneEvents_5" desc="Scene Specific Events" description="Scene Specific Events" design="true" drawOrder="0" id="52" name="SceneEvents_5" oid="-1" package="scripts." sceneid="5" shared="false" type="scene">
        <blocks/>
        <events>
            <event displayName="Keyboard" enabled="true" id="1" name="event-key-press-release" order="1" repeats="true"/>
        </events>
    </snippet>
</pack>
