<?xml version="1.0" encoding="UTF-8" standalone="no"?>
<scene depth="7" desc="" eventsnippetid="0" extheight="1424" extwidth="1424" extx="-16" exty="-16" format="3.4.0" gravx="-0.0" gravy="0.0" height="1392" id="0" name="Space Station" revision="" savecount="0" tiled="1" tileh="16" tilew="16" type="standard" width="1392">
    <layers>
        <color-bg blue="102" green="51" red="0"/>
        <background blendMode="normal" customScrollFactor="false" id="1" locked="true" name="Space" opacity="100" order="7" rid="7" scrollFactorX="1.0" scrollFactorY="1.0" visible="true"/>
        <layer blendMode="normal" color="100,168,234" id="0" locked="false" name="Floor and Walls" opacity="100" order="6" scrollFactorX="1.0" scrollFactorY="1.0" visible="true"/>
        <layer blendMode="normal" color="255,0,255" id="4" locked="false" name="Doors" opacity="100" order="5" scrollFactorX="1.0" scrollFactorY="1.0" visible="true"/>
        <layer blendMode="normal" color="255,200,0" id="6" locked="false" name="Item Layer" opacity="100" order="4" scrollFactorX="1.0" scrollFactorY="1.0" visible="true"/>
        <layer blendMode="normal" color="255,175,175" id="5" locked="false" name="Entity" opacity="100" order="3" scrollFactorX="1.0" scrollFactorY="1.0" visible="true"/>
        <layer blendMode="normal" color="0,0,255" id="7" locked="false" name="Entity TILES" opacity="100" order="2" scrollFactorX="1.0" scrollFactorY="1.0" visible="true"/>
        <layer blendMode="normal" color="0,255,0" id="2" locked="false" name="Player Layer" opacity="100" order="1" scrollFactorX="1.0" scrollFactorY="1.0" visible="true"/>
        <layer blendMode="normal" color="64,64,64" id="3" locked="false" name="Shuttle" opacity="100" order="0" scrollFactorX="1.0" scrollFactorY="1.0" visible="true"/>
    </layers>
    <joints/>
    <regions>
        <region b="64" g="64" h="112" id="0" name="ShuttleRegion" pts="4,-40.0,56.0,40.0,56.0,40.0,-56.0,-40.0,-56.0" r="64" type="box" w="80" x="640" y="624"/>
    </regions>
    <terrainRegions/>
    <actors>
        <actor a="0.0" aid="9" c="false" group="2" id="10" name="Shuttle 9" sx="1.0" sy="1.0" x="656" y="640" z="3"/>
        <actor a="0.0" aid="10" c="false" group="0" id="5" name="Player" sx="1.0" sy="1.0" x="608" y="672" z="2"/>
        <actor a="0.0" aid="11" c="false" group="6" id="8" name="Door 11" sx="1.0" sy="1.0" x="416" y="144" z="4"/>
        <actor a="0.0" aid="12" c="false" group="6" id="8" name="Door 12" sx="1.0" sy="1.0" x="384" y="160" z="4"/>
        <actor a="0.0" aid="13" c="false" group="6" id="8" name="Door 13" sx="1.0" sy="1.0" x="368" y="192" z="4"/>
        <actor a="0.0" aid="14" c="false" group="6" id="8" name="Door 14" sx="1.0" sy="1.0" x="400" y="224" z="4"/>
        <actor a="0.0" aid="15" c="false" group="6" id="8" name="Door 15" sx="1.0" sy="1.0" x="336" y="256" z="4"/>
        <actor a="0.0" aid="16" c="false" group="6" id="8" name="Door 16" sx="1.0" sy="1.0" x="384" y="288" z="4"/>
        <actor a="0.0" aid="17" c="false" group="6" id="8" name="Door 17" sx="1.0" sy="1.0" x="368" y="320" z="4"/>
        <actor a="0.0" aid="18" c="false" group="6" id="8" name="Door 18" sx="1.0" sy="1.0" x="656" y="128" z="4"/>
        <actor a="0.0" aid="19" c="false" group="6" id="8" name="Door 19" sx="1.0" sy="1.0" x="688" y="128" z="4"/>
        <actor a="0.0" aid="20" c="false" group="6" id="8" name="Door 20" sx="1.0" sy="1.0" x="544" y="192" z="4"/>
        <actor a="0.0" aid="21" c="false" group="6" id="8" name="Door 21" sx="1.0" sy="1.0" x="560" y="160" z="4"/>
        <actor a="0.0" aid="22" c="false" group="6" id="8" name="Door 22" sx="1.0" sy="1.0" x="576" y="192" z="4"/>
        <actor a="0.0" aid="23" c="false" group="6" id="8" name="Door 23" sx="1.0" sy="1.0" x="576" y="256" z="4"/>
        <actor a="0.0" aid="24" c="false" group="6" id="8" name="Door 24" sx="1.0" sy="1.0" x="544" y="256" z="4"/>
        <actor a="0.0" aid="25" c="false" group="6" id="8" name="Door 25" sx="1.0" sy="1.0" x="544" y="320" z="4"/>
        <actor a="0.0" aid="26" c="false" group="6" id="8" name="Door 26" sx="1.0" sy="1.0" x="576" y="320" z="4"/>
        <actor a="0.0" aid="27" c="false" group="6" id="8" name="Door 27" sx="1.0" sy="1.0" x="544" y="384" z="4"/>
        <actor a="0.0" aid="28" c="false" group="6" id="8" name="Door 28" sx="1.0" sy="1.0" x="576" y="384" z="4"/>
        <actor a="0.0" aid="29" c="false" group="6" id="8" name="Door 29" sx="1.0" sy="1.0" x="560" y="416" z="4"/>
        <actor a="0.0" aid="30" c="false" group="6" id="8" name="Door 30" sx="1.0" sy="1.0" x="144" y="416" z="4"/>
        <actor a="0.0" aid="31" c="false" group="6" id="8" name="Door 31" sx="1.0" sy="1.0" x="208" y="352" z="4"/>
        <actor a="0.0" aid="32" c="false" group="6" id="8" name="Door 32" sx="1.0" sy="1.0" x="400" y="384" z="4"/>
        <actor a="0.0" aid="33" c="false" group="6" id="8" name="Door 33" sx="1.0" sy="1.0" x="432" y="416" z="4"/>
        <actor a="0.0" aid="34" c="false" group="6" id="8" name="Door 34" sx="1.0" sy="1.0" x="448" y="416" z="4"/>
        <actor a="0.0" aid="35" c="false" group="6" id="8" name="Door 35" sx="1.0" sy="1.0" x="416" y="432" z="4"/>
        <actor a="0.0" aid="36" c="false" group="6" id="8" name="Door 36" sx="1.0" sy="1.0" x="416" y="448" z="4"/>
        <actor a="0.0" aid="37" c="false" group="6" id="8" name="Door 37" sx="1.0" sy="1.0" x="432" y="464" z="4"/>
        <actor a="0.0" aid="38" c="false" group="6" id="8" name="Door 38" sx="1.0" sy="1.0" x="448" y="464" z="4"/>
        <actor a="0.0" aid="39" c="false" group="6" id="8" name="Door 39" sx="1.0" sy="1.0" x="464" y="448" z="4"/>
        <actor a="0.0" aid="40" c="false" group="6" id="8" name="Door 40" sx="1.0" sy="1.0" x="464" y="432" z="4"/>
        <actor a="0.0" aid="41" c="false" group="6" id="8" name="Door 41" sx="1.0" sy="1.0" x="656" y="464" z="4"/>
        <actor a="0.0" aid="42" c="false" group="6" id="8" name="Door 42" sx="1.0" sy="1.0" x="672" y="464" z="4"/>
        <actor a="0.0" aid="43" c="false" group="6" id="8" name="Door 43" sx="1.0" sy="1.0" x="688" y="464" z="4"/>
        <actor a="0.0" aid="44" c="false" group="6" id="8" name="Door 44" sx="1.0" sy="1.0" x="464" y="688" z="4"/>
        <actor a="0.0" aid="45" c="false" group="6" id="8" name="Door 45" sx="1.0" sy="1.0" x="464" y="672" z="4"/>
        <actor a="0.0" aid="46" c="false" group="6" id="8" name="Door 46" sx="1.0" sy="1.0" x="464" y="656" z="4"/>
        <actor a="0.0" aid="47" c="false" group="6" id="8" name="Door 47" sx="1.0" sy="1.0" x="416" y="672" z="4"/>
        <actor a="0.0" aid="48" c="false" group="6" id="8" name="Door 48" sx="1.0" sy="1.0" x="784" y="416" z="4"/>
        <actor a="0.0" aid="49" c="false" group="6" id="8" name="Door 49" sx="1.0" sy="1.0" x="768" y="384" z="4"/>
        <actor a="0.0" aid="50" c="false" group="6" id="8" name="Door 50" sx="1.0" sy="1.0" x="800" y="384" z="4"/>
        <actor a="0.0" aid="51" c="false" group="6" id="8" name="Door 51" sx="1.0" sy="1.0" x="800" y="320" z="4"/>
        <actor a="0.0" aid="52" c="false" group="6" id="8" name="Door 52" sx="1.0" sy="1.0" x="768" y="320" z="4"/>
        <actor a="0.0" aid="53" c="false" group="6" id="8" name="Door 53" sx="1.0" sy="1.0" x="768" y="256" z="4"/>
        <actor a="0.0" aid="54" c="false" group="6" id="8" name="Door 54" sx="1.0" sy="1.0" x="800" y="256" z="4"/>
        <actor a="0.0" aid="55" c="false" group="6" id="8" name="Door 55" sx="1.0" sy="1.0" x="800" y="192" z="4"/>
        <actor a="0.0" aid="56" c="false" group="6" id="8" name="Door 56" sx="1.0" sy="1.0" x="768" y="192" z="4"/>
        <actor a="0.0" aid="57" c="false" group="6" id="8" name="Door 57" sx="1.0" sy="1.0" x="784" y="160" z="4"/>
        <actor a="0.0" aid="58" c="false" group="6" id="8" name="Door 58" sx="1.0" sy="1.0" x="912" y="384" z="4"/>
        <actor a="0.0" aid="59" c="false" group="6" id="8" name="Door 59" sx="1.0" sy="1.0" x="944" y="416" z="4"/>
        <actor a="0.0" aid="60" c="false" group="6" id="8" name="Door 60" sx="1.0" sy="1.0" x="944" y="448" z="4"/>
        <actor a="0.0" aid="61" c="false" group="6" id="8" name="Door 61" sx="1.0" sy="1.0" x="1040" y="432" z="4"/>
        <actor a="0.0" aid="62" c="false" group="6" id="8" name="Door 62" sx="1.0" sy="1.0" x="1024" y="432" z="4"/>
        <actor a="0.0" aid="63" c="false" group="6" id="8" name="Door 63" sx="1.0" sy="1.0" x="1024" y="240" z="4"/>
        <actor a="0.0" aid="64" c="false" group="6" id="8" name="Door 64" sx="1.0" sy="1.0" x="1040" y="240" z="4"/>
        <actor a="0.0" aid="65" c="false" group="6" id="8" name="Door 65" sx="1.0" sy="1.0" x="1120" y="416" z="4"/>
        <actor a="0.0" aid="66" c="false" group="6" id="8" name="Door 66" sx="1.0" sy="1.0" x="1200" y="368" z="4"/>
        <actor a="0.0" aid="67" c="false" group="6" id="8" name="Door 67" sx="1.0" sy="1.0" x="1200" y="480" z="4"/>
        <actor a="0.0" aid="68" c="false" group="6" id="8" name="Door 68" sx="1.0" sy="1.0" x="1168" y="544" z="4"/>
        <actor a="0.0" aid="69" c="false" group="6" id="8" name="Door 69" sx="1.0" sy="1.0" x="1184" y="624" z="4"/>
        <actor a="0.0" aid="70" c="false" group="6" id="8" name="Door 70" sx="1.0" sy="1.0" x="1088" y="640" z="4"/>
        <actor a="0.0" aid="71" c="false" group="6" id="8" name="Door 71" sx="1.0" sy="1.0" x="1152" y="720" z="4"/>
        <actor a="0.0" aid="72" c="false" group="6" id="8" name="Door 72" sx="1.0" sy="1.0" x="1184" y="720" z="4"/>
        <actor a="0.0" aid="73" c="false" group="6" id="8" name="Door 73" sx="1.0" sy="1.0" x="1152" y="880" z="4"/>
        <actor a="0.0" aid="74" c="false" group="6" id="8" name="Door 74" sx="1.0" sy="1.0" x="1184" y="1072" z="4"/>
        <actor a="0.0" aid="75" c="false" group="6" id="8" name="Door 75" sx="1.0" sy="1.0" x="1056" y="1184" z="4"/>
        <actor a="0.0" aid="76" c="false" group="6" id="8" name="Door 76" sx="1.0" sy="1.0" x="928" y="1168" z="4"/>
        <actor a="0.0" aid="77" c="false" group="6" id="8" name="Door 77" sx="1.0" sy="1.0" x="912" y="1216" z="4"/>
        <actor a="0.0" aid="78" c="false" group="6" id="8" name="Door 78" sx="1.0" sy="1.0" x="896" y="1216" z="4"/>
        <actor a="0.0" aid="79" c="false" group="6" id="8" name="Door 79" sx="1.0" sy="1.0" x="880" y="1152" z="4"/>
        <actor a="0.0" aid="80" c="false" group="6" id="8" name="Door 80" sx="1.0" sy="1.0" x="832" y="1088" z="4"/>
        <actor a="0.0" aid="81" c="false" group="6" id="8" name="Door 81" sx="1.0" sy="1.0" x="800" y="1072" z="4"/>
        <actor a="0.0" aid="82" c="false" group="6" id="8" name="Door 82" sx="1.0" sy="1.0" x="800" y="1056" z="4"/>
        <actor a="0.0" aid="83" c="false" group="6" id="8" name="Door 83" sx="1.0" sy="1.0" x="736" y="1088" z="4"/>
        <actor a="0.0" aid="84" c="false" group="6" id="8" name="Door 84" sx="1.0" sy="1.0" x="752" y="1088" z="4"/>
        <actor a="0.0" aid="85" c="false" group="6" id="8" name="Door 85" sx="1.0" sy="1.0" x="672" y="1104" z="4"/>
        <actor a="0.0" aid="86" c="false" group="6" id="8" name="Door 86" sx="1.0" sy="1.0" x="592" y="1088" z="4"/>
        <actor a="0.0" aid="87" c="false" group="6" id="8" name="Door 87" sx="1.0" sy="1.0" x="608" y="1088" z="4"/>
        <actor a="0.0" aid="88" c="false" group="6" id="8" name="Door 88" sx="1.0" sy="1.0" x="544" y="1072" z="4"/>
        <actor a="0.0" aid="89" c="false" group="6" id="8" name="Door 89" sx="1.0" sy="1.0" x="544" y="1056" z="4"/>
        <actor a="0.0" aid="90" c="false" group="6" id="8" name="Door 90" sx="1.0" sy="1.0" x="480" y="1088" z="4"/>
        <actor a="0.0" aid="91" c="false" group="6" id="8" name="Door 91" sx="1.0" sy="1.0" x="416" y="1184" z="4"/>
        <actor a="0.0" aid="92" c="false" group="6" id="8" name="Door 92" sx="1.0" sy="1.0" x="400" y="1216" z="4"/>
        <actor a="0.0" aid="93" c="false" group="6" id="8" name="Door 93" sx="1.0" sy="1.0" x="448" y="1200" z="4"/>
        <actor a="0.0" aid="94" c="false" group="6" id="8" name="Door 94" sx="1.0" sy="1.0" x="368" y="1104" z="4"/>
        <actor a="0.0" aid="95" c="false" group="6" id="8" name="Door 95" sx="1.0" sy="1.0" x="272" y="1200" z="4"/>
        <actor a="0.0" aid="96" c="false" group="6" id="8" name="Door 96" sx="1.0" sy="1.0" x="128" y="992" z="4"/>
        <actor a="0.0" aid="97" c="false" group="6" id="8" name="Door 97" sx="1.0" sy="1.0" x="144" y="992" z="4"/>
        <actor a="0.0" aid="98" c="false" group="6" id="8" name="Door 98" sx="1.0" sy="1.0" x="160" y="976" z="4"/>
        <actor a="0.0" aid="99" c="false" group="6" id="8" name="Door 99" sx="1.0" sy="1.0" x="160" y="960" z="4"/>
        <actor a="0.0" aid="100" c="false" group="6" id="8" name="Door 100" sx="1.0" sy="1.0" x="128" y="944" z="4"/>
        <actor a="0.0" aid="101" c="false" group="6" id="8" name="Door 101" sx="1.0" sy="1.0" x="144" y="944" z="4"/>
        <actor a="0.0" aid="102" c="false" group="6" id="8" name="Door 102" sx="1.0" sy="1.0" x="208" y="944" z="4"/>
        <actor a="0.0" aid="103" c="false" group="6" id="8" name="Door 103" sx="1.0" sy="1.0" x="272" y="896" z="4"/>
        <actor a="0.0" aid="104" c="false" group="6" id="8" name="Door 104" sx="1.0" sy="1.0" x="368" y="944" z="4"/>
        <actor a="0.0" aid="105" c="false" group="6" id="8" name="Door 105" sx="1.0" sy="1.0" x="480" y="992" z="4"/>
        <actor a="0.0" aid="106" c="false" group="6" id="8" name="Door 106" sx="1.0" sy="1.0" x="544" y="1008" z="4"/>
        <actor a="0.0" aid="107" c="false" group="6" id="8" name="Door 107" sx="1.0" sy="1.0" x="544" y="896" z="4"/>
        <actor a="0.0" aid="108" c="false" group="6" id="8" name="Door 108" sx="1.0" sy="1.0" x="448" y="880" z="4"/>
        <actor a="0.0" aid="109" c="false" group="6" id="8" name="Door 109" sx="1.0" sy="1.0" x="432" y="880" z="4"/>
        <actor a="0.0" aid="110" c="false" group="6" id="8" name="Door 110" sx="1.0" sy="1.0" x="656" y="880" z="4"/>
        <actor a="0.0" aid="111" c="false" group="6" id="8" name="Door 111" sx="1.0" sy="1.0" x="672" y="880" z="4"/>
        <actor a="0.0" aid="112" c="false" group="6" id="8" name="Door 112" sx="1.0" sy="1.0" x="688" y="880" z="4"/>
        <actor a="0.0" aid="113" c="false" group="6" id="8" name="Door 113" sx="1.0" sy="1.0" x="800" y="896" z="4"/>
        <actor a="0.0" aid="114" c="false" group="6" id="8" name="Door 114" sx="1.0" sy="1.0" x="896" y="912" z="4"/>
        <actor a="0.0" aid="115" c="false" group="6" id="8" name="Door 115" sx="1.0" sy="1.0" x="928" y="848" z="4"/>
        <actor a="0.0" aid="116" c="false" group="6" id="8" name="Door 116" sx="1.0" sy="1.0" x="960" y="848" z="4"/>
        <actor a="0.0" aid="117" c="false" group="6" id="8" name="Door 117" sx="1.0" sy="1.0" x="1008" y="896" z="4"/>
        <actor a="0.0" aid="118" c="false" group="6" id="8" name="Door 118" sx="1.0" sy="1.0" x="1072" y="896" z="4"/>
        <actor a="0.0" aid="119" c="false" group="6" id="8" name="Door 119" sx="1.0" sy="1.0" x="1056" y="944" z="4"/>
        <actor a="0.0" aid="120" c="false" group="6" id="8" name="Door 120" sx="1.0" sy="1.0" x="1072" y="960" z="4"/>
        <actor a="0.0" aid="121" c="false" group="6" id="8" name="Door 121" sx="1.0" sy="1.0" x="1072" y="1056" z="4"/>
        <actor a="0.0" aid="122" c="false" group="6" id="8" name="Door 122" sx="1.0" sy="1.0" x="944" y="800" z="4"/>
        <actor a="0.0" aid="123" c="false" group="6" id="8" name="Door 123" sx="1.0" sy="1.0" x="960" y="752" z="4"/>
        <actor a="0.0" aid="124" c="false" group="6" id="8" name="Door 124" sx="1.0" sy="1.0" x="1008" y="672" z="4"/>
        <actor a="0.0" aid="125" c="false" group="6" id="8" name="Door 125" sx="1.0" sy="1.0" x="960" y="592" z="4"/>
        <actor a="0.0" aid="126" c="false" group="6" id="8" name="Door 126" sx="1.0" sy="1.0" x="960" y="592" z="4"/>
        <actor a="0.0" aid="127" c="false" group="6" id="8" name="Door 127" sx="1.0" sy="1.0" x="880" y="688" z="4"/>
        <actor a="0.0" aid="128" c="false" group="6" id="8" name="Door 128" sx="1.0" sy="1.0" x="880" y="672" z="4"/>
        <actor a="0.0" aid="129" c="false" group="6" id="8" name="Door 129" sx="1.0" sy="1.0" x="880" y="656" z="4"/>
        <actor a="0.0" aid="130" c="false" group="6" id="8" name="Door 130" sx="1.0" sy="1.0" x="224" y="784" z="4"/>
        <actor a="0.0" aid="131" c="false" group="6" id="8" name="Door 131" sx="1.0" sy="1.0" x="224" y="752" z="4"/>
        <actor a="0.0" aid="132" c="false" group="6" id="8" name="Door 132" sx="1.0" sy="1.0" x="288" y="784" z="4"/>
        <actor a="0.0" aid="133" c="false" group="6" id="8" name="Door 133" sx="1.0" sy="1.0" x="288" y="752" z="4"/>
        <actor a="0.0" aid="134" c="false" group="6" id="8" name="Door 134" sx="1.0" sy="1.0" x="352" y="784" z="4"/>
        <actor a="0.0" aid="135" c="false" group="6" id="8" name="Door 135" sx="1.0" sy="1.0" x="352" y="752" z="4"/>
        <actor a="0.0" aid="136" c="false" group="6" id="8" name="Door 136" sx="1.0" sy="1.0" x="352" y="592" z="4"/>
        <actor a="0.0" aid="137" c="false" group="6" id="8" name="Door 137" sx="1.0" sy="1.0" x="352" y="560" z="4"/>
        <actor a="0.0" aid="138" c="false" group="6" id="8" name="Door 138" sx="1.0" sy="1.0" x="288" y="592" z="4"/>
        <actor a="0.0" aid="139" c="false" group="6" id="8" name="Door 139" sx="1.0" sy="1.0" x="288" y="560" z="4"/>
        <actor a="0.0" aid="140" c="false" group="6" id="8" name="Door 140" sx="1.0" sy="1.0" x="224" y="592" z="4"/>
        <actor a="0.0" aid="141" c="false" group="6" id="8" name="Door 141" sx="1.0" sy="1.0" x="224" y="560" z="4"/>
        <actor a="0.0" aid="142" c="false" group="6" id="8" name="Door 142" sx="1.0" sy="1.0" x="944" y="128" z="4"/>
        <actor a="0.0" aid="144" c="true" group="2" id="32" name="GUI 144" sx="1.0" sy="1.0" x="0" y="0" z="3">
            <snippets>
                <s enabled="true" id="33">
                    <prop id="2147483647" list="0" val="thisactor"/>
                    <prop id="1" list="0" val="10"/>
                    <prop id="2" list="0" val="10"/>
                    <prop id="3" list="0" val="40"/>
                    <prop id="4" list="0" val="6"/>
                    <prop id="5" list="0" val=""/>
                    <prop id="6" list="0" val="150"/>
                    <prop id="7" list="0" val=""/>
                </s>
                <s enabled="true" id="31"/>
            </snippets>
        </actor>
        <actor a="0.0" aid="148" c="false" group="6" id="8" name="Door 148" sx="1.0" sy="1.0" x="1088" y="832" z="4"/>
        <actor a="0.0" aid="149" c="false" group="6" id="8" name="Door 149" sx="1.0" sy="1.0" x="1088" y="560" z="4"/>
        <actor a="0.0" aid="150" c="true" group="5" id="19" name="TestEnergyCell" sx="2.0" sy="2.0" x="8" y="56" z="6">
            <snippets>
                <s enabled="true" id="15"/>
            </snippets>
        </actor>
        <actor a="0.0" aid="151" c="false" group="5" id="19" name="Energy Cell 151" sx="1.0" sy="1.0" x="608" y="704" z="6"/>
    </actors>
    <snippets>
        <s enabled="true" id="35"/>
        <s enabled="true" id="20">
            <prop id="1" list="0" val="10"/>
            <prop id="2" list="0" val="0"/>
            <prop id="3" list="0" val="10"/>
            <prop id="4" list="0" val="20"/>
            <prop id="5" list="0" val="15"/>
            <prop id="6" list="0" val="0.0"/>
            <prop id="7" list="0" val="Up"/>
            <prop id="8" list="0" val="Down"/>
            <prop id="9" list="0" val="Left"/>
            <prop id="10" list="0" val="Right"/>
            <prop id="11" list="0" val="false"/>
            <prop id="12" list="0" val="2"/>
            <prop id="13" list="0" val="0"/>
        </s>
        <s enabled="true" id="24"/>
        <s enabled="true" id="14">
            <prop id="1" list="0" val="0.0"/>
            <prop id="2" list="0" val="0.0"/>
            <prop id="3" list="0" val="false"/>
            <prop id="4" list="0" val="10"/>
            <prop id="5" list="0" val="10"/>
            <prop id="6" list="0" val="10"/>
            <prop id="7" list="0" val="5"/>
            <prop id="8" list="0" val="60"/>
            <prop id="9" list="0" val="30"/>
            <prop id="10" list="0" val="1"/>
        </s>
    </snippets>
    <terrain>
        <p pts="6,32.0,64.0,32.0,0.0,48.0,0.0,48.0,80.0,0.0,80.0,0.0,64.0" x="976.0" y="688.0"/>
        <p pts="4,0.0,16.0,0.0,0.0,48.0,0.0,48.0,16.0" x="976.0" y="288.0"/>
        <p pts="12,128.0,176.0,128.0,144.0,0.0,144.0,0.0,0.0,96.0,0.0,96.0,16.0,16.0,16.0,16.0,128.0,144.0,128.0,144.0,160.0,288.0,160.0,288.0,176.0" x="800.0" y="912.0"/>
        <p pts="4,16.0,16.0,16.0,0.0,0.0,0.0,0.0,16.0" x="1168.0" y="928.0"/>
        <p pts="28,48.0,0.0,48.0,32.0,32.0,32.0,32.0,48.0,48.0,48.0,48.0,64.0,32.0,64.0,32.0,80.0,48.0,80.0,48.0,112.0,32.0,112.0,32.0,96.0,16.0,96.0,16.0,112.0,0.0,112.0,0.0,80.0,16.0,80.0,16.0,64.0,0.0,64.0,0.0,48.0,16.0,48.0,16.0,32.0,0.0,32.0,0.0,0.0,16.0,0.0,16.0,16.0,32.0,16.0,32.0,0.0" x="656.0" y="1136.0"/>
        <p pts="22,0.0,160.0,0.0,32.0,288.0,32.0,288.0,96.0,272.0,96.0,272.0,48.0,192.0,48.0,192.0,112.0,240.0,112.0,240.0,64.0,256.0,64.0,256.0,112.0,304.0,112.0,304.0,16.0,240.0,16.0,240.0,0.0,320.0,0.0,320.0,128.0,192.0,128.0,192.0,224.0,64.0,224.0,64.0,160.0" x="704.0" y="432.0"/>
        <p pts="4,0.0,48.0,0.0,0.0,224.0,0.0,224.0,48.0" x="832.0" y="976.0"/>
        <p pts="4,48.0,0.0,48.0,16.0,0.0,16.0,0.0,0.0" x="304.0" y="1152.0"/>
        <p pts="4,96.0,0.0,96.0,16.0,0.0,16.0,0.0,0.0" x="960.0" y="1040.0"/>
        <p pts="4,0.0,16.0,0.0,0.0,48.0,0.0,48.0,16.0" x="1056.0" y="384.0"/>
        <p pts="4,0.0,16.0,0.0,0.0,64.0,0.0,64.0,16.0" x="320.0" y="912.0"/>
        <p pts="4,16.0,16.0,16.0,0.0,0.0,0.0,0.0,16.0" x="1168.0" y="1024.0"/>
        <p pts="116,1136.0,320.0,928.0,320.0,928.0,304.0,1040.0,304.0,1040.0,240.0,1072.0,240.0,1072.0,256.0,1056.0,256.0,1056.0,304.0,1072.0,304.0,1072.0,272.0,1088.0,272.0,1088.0,304.0,1104.0,304.0,1104.0,288.0,1120.0,288.0,1120.0,304.0,1136.0,304.0,1136.0,272.0,1120.0,272.0,1120.0,256.0,1088.0,256.0,1088.0,224.0,1024.0,224.0,1024.0,208.0,1056.0,208.0,1056.0,192.0,1040.0,192.0,1040.0,176.0,1024.0,176.0,1024.0,160.0,1008.0,160.0,1008.0,288.0,992.0,288.0,992.0,128.0,928.0,128.0,928.0,112.0,960.0,112.0,960.0,96.0,944.0,96.0,944.0,80.0,928.0,80.0,928.0,64.0,912.0,64.0,912.0,80.0,896.0,80.0,896.0,96.0,864.0,96.0,864.0,80.0,848.0,80.0,848.0,48.0,864.0,48.0,864.0,32.0,880.0,32.0,880.0,16.0,864.0,16.0,864.0,0.0,304.0,0.0,304.0,16.0,288.0,16.0,288.0,0.0,272.0,0.0,272.0,16.0,256.0,16.0,256.0,48.0,224.0,48.0,224.0,64.0,240.0,64.0,240.0,80.0,192.0,80.0,192.0,96.0,272.0,96.0,272.0,112.0,160.0,112.0,160.0,128.0,208.0,128.0,208.0,144.0,128.0,144.0,128.0,160.0,256.0,160.0,256.0,176.0,96.0,176.0,96.0,192.0,240.0,192.0,240.0,208.0,64.0,208.0,64.0,224.0,80.0,224.0,80.0,240.0,32.0,240.0,32.0,256.0,272.0,256.0,272.0,272.0,0.0,272.0,0.0,288.0,16.0,288.0,16.0,304.0,0.0,304.0,0.0,1136.0,496.0,1136.0,496.0,960.0,512.0,960.0,512.0,976.0,544.0,976.0,544.0,992.0,512.0,992.0,512.0,1136.0,592.0,1136.0,592.0,992.0,560.0,992.0,560.0,976.0,592.0,976.0,592.0,960.0,608.0,960.0,608.0,1136.0,1136.0,1136.0" x="128.0" y="128.0"/>
        <p pts="6,64.0,160.0,160.0,160.0,160.0,0.0,0.0,0.0,0.0,96.0,64.0,96.0" x="720.0" y="480.0"/>
        <p pts="36,80.0,208.0,16.0,208.0,16.0,256.0,80.0,256.0,80.0,240.0,96.0,240.0,96.0,272.0,0.0,272.0,0.0,0.0,96.0,0.0,96.0,32.0,80.0,32.0,80.0,16.0,16.0,16.0,16.0,64.0,80.0,64.0,80.0,48.0,96.0,48.0,96.0,96.0,80.0,96.0,80.0,80.0,16.0,80.0,16.0,128.0,80.0,128.0,80.0,112.0,96.0,112.0,96.0,160.0,80.0,160.0,80.0,144.0,16.0,144.0,16.0,192.0,80.0,192.0,80.0,176.0,96.0,176.0,96.0,224.0,80.0,224.0" x="464.0" y="160.0"/>
        <p pts="4,0.0,0.0,0.0,16.0,192.0,16.0,192.0,0.0" x="848.0" y="992.0"/>
        <p pts="28,208.0,0.0,208.0,80.0,176.0,80.0,176.0,64.0,192.0,64.0,192.0,16.0,144.0,16.0,144.0,64.0,160.0,64.0,160.0,80.0,112.0,80.0,112.0,64.0,128.0,64.0,128.0,16.0,80.0,16.0,80.0,64.0,96.0,64.0,96.0,80.0,48.0,80.0,48.0,64.0,64.0,64.0,64.0,16.0,16.0,16.0,16.0,64.0,32.0,64.0,32.0,80.0,0.0,80.0,0.0,0.0" x="192.0" y="496.0"/>
        <p pts="4,0.0,16.0,0.0,0.0,48.0,0.0,48.0,16.0" x="1056.0" y="288.0"/>
        <p pts="20,64.0,128.0,64.0,96.0,112.0,96.0,112.0,128.0,160.0,128.0,160.0,48.0,112.0,48.0,112.0,32.0,160.0,32.0,160.0,16.0,96.0,16.0,96.0,48.0,64.0,48.0,64.0,32.0,80.0,32.0,80.0,0.0,176.0,0.0,176.0,144.0,0.0,144.0,0.0,128.0" x="416.0" y="1088.0"/>
        <p pts="12,64.0,0.0,64.0,16.0,80.0,16.0,80.0,64.0,64.0,64.0,64.0,80.0,16.0,80.0,16.0,64.0,0.0,64.0,0.0,16.0,16.0,16.0,16.0,0.0" x="640.0" y="960.0"/>
        <p pts="48,304.0,752.0,0.0,752.0,0.0,704.0,16.0,704.0,16.0,736.0,128.0,736.0,128.0,720.0,144.0,720.0,144.0,736.0,288.0,736.0,288.0,608.0,272.0,608.0,272.0,592.0,288.0,592.0,288.0,416.0,240.0,416.0,240.0,400.0,288.0,400.0,288.0,256.0,272.0,256.0,272.0,240.0,288.0,240.0,288.0,224.0,272.0,224.0,272.0,208.0,288.0,208.0,288.0,192.0,272.0,192.0,272.0,176.0,288.0,176.0,288.0,160.0,272.0,160.0,272.0,144.0,288.0,144.0,288.0,128.0,272.0,128.0,272.0,112.0,288.0,112.0,288.0,96.0,272.0,96.0,272.0,64.0,288.0,64.0,288.0,48.0,272.0,48.0,272.0,32.0,288.0,32.0,288.0,0.0,304.0,0.0" x="928.0" y="480.0"/>
        <p pts="4,0.0,256.0,16.0,256.0,16.0,0.0,0.0,0.0" x="672.0" y="160.0"/>
        <p pts="16,64.0,0.0,192.0,0.0,192.0,96.0,240.0,96.0,240.0,144.0,224.0,144.0,224.0,112.0,192.0,112.0,192.0,176.0,224.0,176.0,224.0,160.0,240.0,160.0,240.0,192.0,0.0,192.0,0.0,64.0,64.0,64.0" x="704.0" y="704.0"/>
        <p pts="8,0.0,0.0,32.0,0.0,32.0,16.0,16.0,16.0,16.0,160.0,32.0,160.0,32.0,176.0,0.0,176.0" x="928.0" y="592.0"/>
        <p pts="72,0.0,1168.0,0.0,272.0,16.0,272.0,16.0,256.0,32.0,256.0,32.0,240.0,48.0,240.0,48.0,224.0,64.0,224.0,64.0,208.0,80.0,208.0,80.0,192.0,96.0,192.0,96.0,176.0,112.0,176.0,112.0,160.0,128.0,160.0,128.0,144.0,144.0,144.0,144.0,128.0,160.0,128.0,160.0,112.0,176.0,112.0,176.0,96.0,192.0,96.0,192.0,80.0,208.0,80.0,208.0,64.0,224.0,64.0,224.0,48.0,240.0,48.0,240.0,32.0,256.0,32.0,256.0,16.0,272.0,16.0,272.0,0.0,896.0,0.0,896.0,16.0,912.0,16.0,912.0,32.0,928.0,32.0,928.0,48.0,944.0,48.0,944.0,64.0,960.0,64.0,960.0,80.0,976.0,80.0,976.0,96.0,992.0,96.0,992.0,112.0,1008.0,112.0,1008.0,128.0,1024.0,128.0,1024.0,144.0,1040.0,144.0,1040.0,160.0,1056.0,160.0,1056.0,176.0,1072.0,176.0,1072.0,192.0,1088.0,192.0,1088.0,208.0,1104.0,208.0,1104.0,224.0,1120.0,224.0,1120.0,240.0,1136.0,240.0,1136.0,256.0,1152.0,256.0,1152.0,272.0,1168.0,272.0,1168.0,1168.0" x="112.0" y="112.0"/>
        <p pts="28,16.0,16.0,16.0,64.0,64.0,64.0,64.0,16.0,48.0,16.0,48.0,0.0,96.0,0.0,96.0,16.0,80.0,16.0,80.0,64.0,128.0,64.0,128.0,16.0,112.0,16.0,112.0,0.0,160.0,0.0,160.0,16.0,144.0,16.0,144.0,64.0,192.0,64.0,192.0,16.0,176.0,16.0,176.0,0.0,208.0,0.0,208.0,80.0,0.0,80.0,0.0,0.0,32.0,0.0,32.0,16.0" x="192.0" y="784.0"/>
        <p pts="6,160.0,160.0,160.0,0.0,64.0,0.0,64.0,64.0,0.0,64.0,0.0,160.0" x="720.0" y="720.0"/>
        <p pts="10,64.0,48.0,64.0,16.0,32.0,16.0,32.0,0.0,80.0,0.0,80.0,64.0,32.0,64.0,32.0,96.0,0.0,96.0,0.0,48.0" x="816.0" y="1088.0"/>
        <p pts="28,256.0,96.0,256.0,48.0,224.0,48.0,224.0,32.0,256.0,32.0,256.0,16.0,240.0,16.0,240.0,0.0,272.0,0.0,272.0,272.0,0.0,272.0,0.0,256.0,256.0,256.0,256.0,208.0,64.0,208.0,64.0,192.0,256.0,192.0,256.0,176.0,224.0,176.0,224.0,160.0,256.0,160.0,256.0,144.0,240.0,144.0,240.0,128.0,256.0,128.0,256.0,112.0,192.0,112.0,192.0,96.0" x="160.0" y="160.0"/>
        <p pts="10,64.0,96.0,0.0,96.0,0.0,80.0,64.0,80.0,64.0,16.0,0.0,16.0,0.0,0.0,80.0,0.0,80.0,288.0,64.0,288.0" x="1104.0" y="560.0"/>
        <p pts="4,0.0,16.0,0.0,0.0,48.0,0.0,48.0,16.0" x="1056.0" y="352.0"/>
        <p pts="24,96.0,240.0,96.0,256.0,16.0,256.0,16.0,352.0,32.0,352.0,32.0,368.0,0.0,368.0,0.0,0.0,144.0,0.0,144.0,16.0,128.0,16.0,128.0,64.0,112.0,64.0,112.0,16.0,16.0,16.0,16.0,80.0,32.0,80.0,32.0,96.0,16.0,96.0,16.0,160.0,32.0,160.0,32.0,176.0,16.0,176.0,16.0,240.0" x="1056.0" y="480.0"/>
        <p pts="4,0.0,0.0,32.0,0.0,32.0,32.0,0.0,32.0" x="1104.0" y="768.0"/>
        <p pts="4,32.0,0.0,32.0,32.0,0.0,32.0,0.0,0.0" x="1104.0" y="512.0"/>
        <p pts="54,144.0,32.0,96.0,32.0,96.0,240.0,112.0,240.0,112.0,256.0,96.0,256.0,96.0,288.0,0.0,288.0,0.0,256.0,16.0,256.0,16.0,272.0,80.0,272.0,80.0,224.0,16.0,224.0,16.0,240.0,0.0,240.0,0.0,192.0,16.0,192.0,16.0,208.0,80.0,208.0,80.0,160.0,16.0,160.0,16.0,176.0,0.0,176.0,0.0,128.0,16.0,128.0,16.0,144.0,80.0,144.0,80.0,96.0,16.0,96.0,16.0,112.0,0.0,112.0,0.0,64.0,16.0,64.0,16.0,80.0,80.0,80.0,80.0,32.0,16.0,32.0,16.0,48.0,0.0,48.0,0.0,16.0,144.0,16.0,144.0,0.0,160.0,0.0,160.0,96.0,224.0,96.0,224.0,112.0,160.0,112.0,160.0,272.0,144.0,272.0,144.0,256.0,128.0,256.0,128.0,240.0,144.0,240.0" x="800.0" y="144.0"/>
        <p pts="4,0.0,48.0,0.0,0.0,48.0,0.0,48.0,48.0" x="1152.0" y="1008.0"/>
        <p pts="12,0.0,32.0,16.0,32.0,16.0,48.0,32.0,48.0,32.0,32.0,48.0,32.0,48.0,16.0,32.0,16.0,32.0,0.0,16.0,0.0,16.0,16.0,0.0,16.0" x="656.0" y="976.0"/>
        <p pts="22,208.0,256.0,208.0,304.0,144.0,304.0,144.0,352.0,128.0,352.0,128.0,304.0,16.0,304.0,16.0,336.0,0.0,336.0,0.0,288.0,192.0,288.0,192.0,16.0,176.0,16.0,176.0,0.0,208.0,0.0,208.0,48.0,224.0,48.0,224.0,64.0,208.0,64.0,208.0,240.0,256.0,240.0,256.0,256.0" x="928.0" y="832.0"/>
        <p pts="16,336.0,112.0,336.0,144.0,96.0,144.0,96.0,48.0,0.0,48.0,0.0,32.0,48.0,32.0,48.0,0.0,64.0,0.0,64.0,32.0,144.0,32.0,144.0,48.0,112.0,48.0,112.0,128.0,320.0,128.0,320.0,112.0" x="224.0" y="912.0"/>
        <p pts="6,192.0,192.0,0.0,192.0,0.0,0.0,128.0,0.0,128.0,64.0,192.0,64.0" x="464.0" y="704.0"/>
        <p pts="4,0.0,16.0,0.0,0.0,48.0,0.0,48.0,16.0" x="1056.0" y="320.0"/>
        <p pts="4,48.0,0.0,48.0,48.0,0.0,48.0,0.0,0.0" x="352.0" y="976.0"/>
        <p pts="6,160.0,0.0,0.0,0.0,0.0,160.0,96.0,160.0,96.0,96.0,160.0,96.0" x="480.0" y="480.0"/>
        <p pts="4,48.0,0.0,48.0,16.0,0.0,16.0,0.0,0.0" x="304.0" y="1184.0"/>
        <p pts="4,0.0,16.0,0.0,0.0,48.0,0.0,48.0,16.0" x="1152.0" y="976.0"/>
        <p pts="4,0.0,16.0,16.0,16.0,16.0,0.0,0.0,0.0" x="496.0" y="1200.0"/>
        <p pts="10,48.0,96.0,48.0,16.0,16.0,16.0,16.0,48.0,0.0,48.0,0.0,0.0,64.0,0.0,64.0,80.0,128.0,80.0,128.0,96.0" x="960.0" y="800.0"/>
        <p pts="4,0.0,0.0,16.0,0.0,16.0,80.0,0.0,80.0" x="1072.0" y="976.0"/>
        <p pts="28,176.0,80.0,176.0,64.0,192.0,64.0,192.0,16.0,144.0,16.0,144.0,64.0,160.0,64.0,160.0,80.0,112.0,80.0,112.0,64.0,128.0,64.0,128.0,16.0,80.0,16.0,80.0,64.0,96.0,64.0,96.0,80.0,48.0,80.0,48.0,64.0,64.0,64.0,64.0,16.0,16.0,16.0,16.0,64.0,32.0,64.0,32.0,80.0,0.0,80.0,0.0,0.0,208.0,0.0,208.0,80.0" x="192.0" y="688.0"/>
        <p pts="4,0.0,16.0,16.0,16.0,16.0,0.0,0.0,0.0" x="368.0" y="992.0"/>
        <p pts="6,128.0,128.0,128.0,192.0,0.0,192.0,0.0,0.0,192.0,0.0,192.0,128.0" x="464.0" y="464.0"/>
        <p pts="4,0.0,0.0,16.0,0.0,16.0,48.0,0.0,48.0" x="1072.0" y="912.0"/>
        <p pts="4,0.0,16.0,0.0,0.0,48.0,0.0,48.0,16.0" x="976.0" y="320.0"/>
        <p pts="4,0.0,48.0,0.0,0.0,48.0,0.0,48.0,48.0" x="1152.0" y="912.0"/>
        <p pts="6,80.0,0.0,80.0,64.0,0.0,64.0,0.0,48.0,64.0,48.0,64.0,0.0" x="1104.0" y="1120.0"/>
        <p pts="6,48.0,0.0,48.0,80.0,32.0,80.0,32.0,16.0,0.0,16.0,0.0,0.0" x="976.0" y="592.0"/>
        <p pts="4,0.0,16.0,0.0,0.0,48.0,0.0,48.0,16.0" x="976.0" y="384.0"/>
        <p pts="6,0.0,160.0,160.0,160.0,160.0,64.0,96.0,64.0,96.0,0.0,0.0,0.0" x="480.0" y="720.0"/>
        <p pts="28,32.0,0.0,32.0,16.0,16.0,16.0,16.0,64.0,64.0,64.0,64.0,16.0,48.0,16.0,48.0,0.0,96.0,0.0,96.0,16.0,80.0,16.0,80.0,64.0,128.0,64.0,128.0,16.0,112.0,16.0,112.0,0.0,160.0,0.0,160.0,16.0,144.0,16.0,144.0,64.0,192.0,64.0,192.0,16.0,176.0,16.0,176.0,0.0,208.0,0.0,208.0,80.0,0.0,80.0,0.0,0.0" x="192.0" y="592.0"/>
        <p pts="4,16.0,0.0,16.0,176.0,0.0,176.0,0.0,0.0" x="912.0" y="192.0"/>
        <p pts="4,0.0,16.0,0.0,0.0,48.0,0.0,48.0,16.0" x="976.0" y="352.0"/>
        <p pts="4,0.0,16.0,0.0,0.0,112.0,0.0,112.0,16.0" x="832.0" y="944.0"/>
        <p pts="4,0.0,0.0,32.0,0.0,32.0,32.0,0.0,32.0" x="1104.0" y="592.0"/>
        <p pts="8,64.0,0.0,64.0,176.0,0.0,176.0,0.0,0.0,16.0,0.0,16.0,160.0,48.0,160.0,48.0,0.0" x="192.0" y="1024.0"/>
        <p pts="42,320.0,96.0,320.0,112.0,304.0,112.0,304.0,160.0,400.0,160.0,400.0,208.0,384.0,208.0,384.0,176.0,304.0,176.0,304.0,208.0,272.0,208.0,272.0,192.0,288.0,192.0,288.0,144.0,240.0,144.0,240.0,128.0,288.0,128.0,288.0,112.0,128.0,112.0,128.0,208.0,112.0,208.0,112.0,16.0,16.0,16.0,16.0,224.0,208.0,224.0,208.0,128.0,224.0,128.0,224.0,160.0,272.0,160.0,272.0,176.0,224.0,176.0,224.0,192.0,256.0,192.0,256.0,208.0,224.0,208.0,224.0,224.0,240.0,224.0,240.0,240.0,0.0,240.0,0.0,0.0,128.0,0.0,128.0,96.0" x="160.0" y="992.0"/>
        <p pts="14,64.0,0.0,64.0,80.0,96.0,80.0,96.0,48.0,112.0,48.0,112.0,80.0,144.0,80.0,144.0,96.0,48.0,96.0,48.0,64.0,0.0,64.0,0.0,48.0,48.0,48.0,48.0,0.0" x="912.0" y="864.0"/>
        <p pts="48,320.0,464.0,304.0,464.0,304.0,512.0,288.0,512.0,288.0,464.0,272.0,464.0,272.0,528.0,320.0,528.0,320.0,544.0,256.0,544.0,256.0,496.0,224.0,496.0,224.0,480.0,256.0,480.0,256.0,432.0,16.0,432.0,16.0,448.0,96.0,448.0,96.0,464.0,16.0,464.0,16.0,480.0,48.0,480.0,48.0,496.0,0.0,496.0,0.0,0.0,272.0,0.0,272.0,208.0,256.0,208.0,256.0,16.0,16.0,16.0,16.0,416.0,256.0,416.0,256.0,224.0,272.0,224.0,272.0,448.0,400.0,448.0,400.0,544.0,336.0,544.0,336.0,528.0,384.0,528.0,384.0,464.0,368.0,464.0,368.0,512.0,352.0,512.0,352.0,464.0,336.0,464.0,336.0,512.0,320.0,512.0" x="160.0" y="464.0"/>
        <p pts="10,16.0,16.0,16.0,128.0,112.0,128.0,112.0,80.0,128.0,80.0,128.0,144.0,0.0,144.0,0.0,0.0,64.0,0.0,64.0,16.0" x="768.0" y="1088.0"/>
        <p pts="12,80.0,0.0,80.0,16.0,48.0,16.0,48.0,32.0,80.0,32.0,80.0,48.0,0.0,48.0,0.0,32.0,32.0,32.0,32.0,16.0,0.0,16.0,0.0,0.0" x="960.0" y="1152.0"/>
        <p pts="4,32.0,0.0,32.0,32.0,0.0,32.0,0.0,0.0" x="960.0" y="624.0"/>
        <p pts="72,0.0,288.0,0.0,256.0,16.0,256.0,16.0,272.0,80.0,272.0,80.0,224.0,16.0,224.0,16.0,240.0,0.0,240.0,0.0,192.0,16.0,192.0,16.0,208.0,80.0,208.0,80.0,160.0,16.0,160.0,16.0,176.0,0.0,176.0,0.0,128.0,16.0,128.0,16.0,144.0,80.0,144.0,80.0,96.0,16.0,96.0,16.0,112.0,0.0,112.0,0.0,64.0,16.0,64.0,16.0,80.0,80.0,80.0,80.0,32.0,16.0,32.0,16.0,48.0,0.0,48.0,0.0,16.0,80.0,16.0,80.0,0.0,128.0,0.0,128.0,16.0,208.0,16.0,208.0,48.0,192.0,48.0,192.0,32.0,128.0,32.0,128.0,80.0,192.0,80.0,192.0,64.0,208.0,64.0,208.0,112.0,192.0,112.0,192.0,96.0,128.0,96.0,128.0,144.0,192.0,144.0,192.0,128.0,208.0,128.0,208.0,176.0,192.0,176.0,192.0,160.0,128.0,160.0,128.0,208.0,192.0,208.0,192.0,192.0,208.0,192.0,208.0,240.0,192.0,240.0,192.0,224.0,128.0,224.0,128.0,272.0,192.0,272.0,192.0,256.0,208.0,256.0,208.0,288.0" x="576.0" y="144.0"/>
        <p pts="4,32.0,0.0,32.0,32.0,0.0,32.0,0.0,0.0" x="960.0" y="704.0"/>
        <p pts="4,32.0,0.0,32.0,32.0,0.0,32.0,0.0,0.0" x="1104.0" y="672.0"/>
        <p pts="4,48.0,0.0,48.0,16.0,0.0,16.0,0.0,0.0" x="304.0" y="1120.0"/>
    </terrain>
    <atlases members="" retainAtlases="true"/>
</scene>
