<?xml version="1.0" encoding="UTF-8" standalone="no"?>
<game accelFramerate="0" adsPosition="0" aheight="480" androidMinVersion="0" androidTargetVersion="7" antialias="true" appName="My Game" appType="0" atlasBindingDefault="false" author="" authorURL="" autoRotate="false" awidth="640" backgroundColor="-15592942" barBackgroundColor="-12303292" barColor="-7829368" barHeight="8" barLocation="0" barOffsetX="0" barOffsetXPhone="0" barOffsetXTablet="0" barOffsetY="0" barOffsetYPhone="0" barOffsetYTablet="0" barScalePhone="1.0" barScaleTablet="2.0" barWidth="120" bindAllAtlasesDefault="false" borderColor="-12303292" borderThickness="2" bundleID="com.yourname.gamename" bundleVersion="1.0" checksum="none" cws-desc="Description" cws-icon128="" cws-icon16="" cws-name="Name" cws-version="1.0" default="1" defaultFramerate="60" defaultSceneID="1" desc="The Space Station has been infested by an alien hive-mind life-form known only as The Entity. You need to escape, but your shuttle is out of power" desktopScale="2x" desktopScaleMode="1" disableBackButton="false" enableGPG="false" enablePurchases="false" format="3.4.0" gameid="-1" googleAppID="" haxeExtras="" height="240" internalVersion="1" internalVersionIOS="1" kit="false" lockURL="" macBundleID="" maxScaleAndroid="1x" maxScaleDesktop="4x" maxScaleIOS="1x" maxScaleWeb="4x" metroColor="-12566464" multitouch="true" name="Space Bear Panic" openflExtras="" openflLegacy="true" orientation="0" physicsMode="0" pixelsnap="true" preloaderstyle="0" products="" scale="1" scaleModeAndroid="3" scaleModeDesktop="3" scaleModeIOS="3" scaleModeWeb="3" showAds="false" simulatorOS="0.0" simulatorTargetOS="0.0" splashStyle="2" startInFullScreenDesktop="false" startInFullScreenWeb="false" swfHeight="0" swfWidth="0" swfX="0" swfY="0" swfloc="" telemetry="false" testAds="false" useGlossyIcon="false" webScale="2x" width="320" windowsAppName="" windowsAuthor="" windowsBundleID="">
    <exts>
        <e enabled="false" id="test"/>
        <e enabled="false" id="test-native"/>
        <e enabled="false" id="label"/>
        <e enabled="false" id="test-flash"/>
    </exts>
    <scales>
        <scale detailed="1x" id="0" name="1x" size="1.0"/>
        <scale detailed="1.5x" id="1" name="1.5x" size="1.5"/>
        <scale detailed="2x" id="2" name="2x" size="2.0"/>
        <scale detailed="3x" id="3" name="3x" size="3.0"/>
        <scale detailed="4x" id="4" name="4x" size="4.0"/>
    </scales>
    <projectScales>
        <scale enabled="true" name="1x"/>
        <scale enabled="true" name="1.5x"/>
        <scale enabled="true" name="2x"/>
        <scale enabled="true" name="3x"/>
        <scale enabled="true" name="4x"/>
    </projectScales>
    <webScales>
        <scale enabled="true" name="1x"/>
        <scale enabled="true" name="1.5x"/>
        <scale enabled="true" name="2x"/>
        <scale enabled="true" name="3x"/>
        <scale enabled="true" name="4x"/>
    </webScales>
    <desktopScales>
        <scale enabled="true" name="1x"/>
        <scale enabled="true" name="1.5x"/>
        <scale enabled="true" name="2x"/>
        <scale enabled="true" name="3x"/>
        <scale enabled="true" name="4x"/>
    </desktopScales>
    <iOSScales>
        <scale enabled="true" name="1x"/>
        <scale enabled="false" name="1.5x"/>
        <scale enabled="false" name="2x"/>
        <scale enabled="false" name="3x"/>
        <scale enabled="false" name="4x"/>
    </iOSScales>
    <androidScales>
        <scale enabled="true" name="1x"/>
        <scale enabled="false" name="1.5x"/>
        <scale enabled="false" name="2x"/>
        <scale enabled="false" name="3x"/>
        <scale enabled="false" name="4x"/>
    </androidScales>
    <folders>
        <group desc="" id="0" name="Music" type="sound">
            <r id="53"/>
            <r id="54"/>
            <r id="55"/>
            <r id="56"/>
        </group>
        <group desc="" id="1" name="SFX" type="sound">
            <r id="48"/>
            <r id="49"/>
            <r id="50"/>
            <r id="51"/>
            <r id="52"/>
        </group>
    </folders>
    <packs/>
    <groups>
        <group desc="" id="4" name="Entity"/>
        <group desc="" id="5" name="Items"/>
        <group desc="" id="6" name="OpenDoor"/>
        <group desc="" id="7" name="MovingEntity"/>
    </groups>
    <cgroups>
        <cgroup g1="0" g2="1"/>
        <cgroup g1="0" g2="3"/>
        <cgroup g1="0" g2="4"/>
        <cgroup g1="0" g2="5"/>
        <cgroup g1="0" g2="7"/>
        <cgroup g1="1" g2="3"/>
        <cgroup g1="1" g2="4"/>
        <cgroup g1="1" g2="7"/>
        <cgroup g1="3" g2="3"/>
        <cgroup g1="3" g2="4"/>
        <cgroup g1="3" g2="6"/>
        <cgroup g1="3" g2="7"/>
        <cgroup g1="4" g2="4"/>
        <cgroup g1="4" g2="5"/>
        <cgroup g1="4" g2="6"/>
        <cgroup g1="5" g2="7"/>
        <cgroup g1="6" g2="7"/>
    </cgroups>
    <input>
        <key id="0" keyname="UP" name="up" vk="38" vks="38"/>
        <key id="1" keyname="DOWN" name="down" vk="40" vks="40"/>
        <key id="2" keyname="LEFT" name="left" vk="37" vks="37"/>
        <key id="3" keyname="RIGHT" name="right" vk="39" vks="39"/>
        <key id="4" keyname="Z" name="action1" vk="90" vks="90,89,32"/>
        <key id="5" keyname="X" name="action2" vk="88" vks="88,16"/>
        <key id="6" keyname="ENTER" name="enter" vk="10" vks="10"/>
    </input>
    <attcats>
        <cat id="-1" name="Default"/>
        <cat id="0" name="Difficulty"/>
        <cat id="1" name="Debug"/>
    </attcats>
    <props/>
    <attributes>
        <boolean cid="-1" id="2" name="CarryingEnergy" save="true" value="false"/>
        <number cid="-1" id="7" name="Difficulty" save="true" value="0.0"/>
        <number cid="1" id="16" name="Killed" save="true" value="0.0"/>
        <list cid="-1" id="20" name="ListLiveEntitiesCol" save="true" val="list"/>
        <number cid="0" id="13" name="Number of Initial Entity Spawns" save="true" value="6.0"/>
        <number cid="0" id="18" name="Energy Decay Speed" save="true" value="6.0"/>
        <number cid="1" id="17" name="Created" save="true" value="0.0"/>
        <number cid="0" id="10" name="Entity Spawn Interval" save="true" value="60.0"/>
        <list cid="-1" id="19" name="ListLiveEntitiesRow" save="true" val="list"/>
        <number cid="-1" id="0" name="Energy" save="true" value="0.0"/>
        <text cid="0" id="14" name="TextDifficulty" save="true" value="NORMAL"/>
        <number cid="-1" id="1" name="Fuel" save="true" value="100.0"/>
        <number cid="0" id="11" name="Number of Fuel Cans to Spawn" save="true" value="6.0"/>
        <number cid="1" id="15" name="Current Entities" save="true" value="0.0"/>
        <number cid="0" id="12" name="Number of Energy Cells to Spawn" save="true" value="5.0"/>
        <number cid="0" id="8" name="Entity Spread Rate" save="true" value="4.0"/>
        <number cid="0" id="9" name="Seconds to Spread" save="true" value="6.0"/>
    </attributes>
    <collisions>
        <poly id="0" name="Square" pts="0.0,0.0#0.0,1.0#1.0,1.0#1.0,0.0"/>
        <poly id="1" name="Rect Up" pts="0.0,0.0#0.0,0.5#1.0,0.5#1.0,0.0"/>
        <poly id="2" name="Rect Down" pts="0.0,0.5#0.0,1.0#1.0,1.0#1.0,0.5"/>
        <poly id="3" name="Rect Left" pts="0.0,0.0#0.0,1.0#0.5,1.0#0.5,0.0"/>
        <poly id="4" name="Rect Right" pts="0.5,0.0#0.5,1.0#1.0,1.0#1.0,0.0"/>
        <poly id="5" name="Tri 45R" pts="0.0,0.0#0.0,1.0#1.0,1.0"/>
        <poly id="6" name="Tri 45L" pts="1.0,0.0#0.0,1.0#1.0,1.0"/>
        <poly id="7" name="Tri 45R Inv" pts="0.0,0.0#0.0,1.0#1.0,0.0"/>
        <poly id="8" name="Tri 45L Inv" pts="0.0,0.0#1.0,1.0#1.0,0.0"/>
        <poly id="9" name="Tri 30R" pts="0.0,1.0#1.0,1.0#1.0,0.5"/>
        <poly id="10" name="Tri 30L" pts="0.0,0.5#0.0,1.0#1.0,1.0"/>
        <poly id="11" name="Tri 30-2R" pts="0.0,0.5#0.0,1.0#1.0,1.0#1.0,0.0"/>
        <poly id="12" name="Tri 30-2L" pts="0.0,0.0#0.0,1.0#1.0,1.0#1.0,0.5"/>
        <poly id="13" name="Tri 30R Inv" pts="0.0,0.0#1.0,0.5#1.0,0.0"/>
        <poly id="14" name="Tri 30L Inv" pts="0.0,0.0#0.0,0.5#1.0,0.0"/>
        <poly id="15" name="Tri 30-2R Inv" pts="0.0,0.0#0.0,0.5#1.0,1.0#1.0,0.0"/>
        <poly id="16" name="Tri 30-2L Inv" pts="0.0,0.0#0.0,1.0#1.0,0.5#1.0,0.0"/>
        <poly id="17" name="Tri 60R" pts="0.5,1.0#1.0,1.0#1.0,0.0"/>
        <poly id="18" name="Tri 60L" pts="0.0,0.0#0.0,1.0#0.5,1.0"/>
        <poly id="19" name="Tri 60-2R" pts="0.5,0.0#0.0,1.0#1.0,1.0#1.0,0.0"/>
        <poly id="20" name="Tri 60-2L" pts="0.0,0.0#0.0,1.0#1.0,1.0#0.5,0.0"/>
        <poly id="21" name="Tri 60R Inv" pts="0.5,0.0#1.0,1.0#1.0,0.0"/>
        <poly id="22" name="Tri 60L Inv" pts="0.0,0.0#0.0,1.0#0.5,0.0"/>
        <poly id="23" name="Tri 60-2R Inv" pts="0.0,0.0#0.5,1.0#1.0,1.0#1.0,0.0"/>
        <poly id="24" name="Tri 60-2L Inv" pts="0.0,0.0#0.0,1.0#0.5,1.0#1.0,0.0"/>
        <poly id="26" name="TINY BOX" pts="0.25,0.25#0.25,0.75#0.75,0.75#0.75,0.25"/>
        <poly id="27" name="Entity Box" pts="0.25,0.25#0.25,0.75#0.75,0.75#0.75,0.25"/>
    </collisions>
    <autotileFormats/>
    <atlases>
        <atlas allScenes="true" desc="" dirty="true" id="0" members="4,5,7,8,10,12,14,17,19,21,23,25,30,32,34,36,38,40,41,43,45,48,49,50,51,52,53,54,55,56,57,59," name="Main Atlas" pvr="false" resize="0" target="0"/>
        <atlas allScenes="true" desc="" dirty="true" id="1" members="" name="Atlas 2" pvr="false" resize="0" target="0"/>
        <atlas allScenes="true" desc="" dirty="true" id="2" members="" name="Atlas 3" pvr="false" resize="0" target="0"/>
        <atlas allScenes="true" desc="" dirty="true" id="3" members="" name="Atlas 4" pvr="false" resize="0" target="0"/>
    </atlases>
    <libraries/>
</game>
