<?xml version="1.0" encoding="UTF-8" standalone="no"?>
<pack>
    <music atlasID="0" desc="" id="49" loop="true" name="Bash" oid="-1" pan="0" shared="false" stream="false" type="mp3" volume="1"/>
    <sprite atlasID="0" default="0" defaultAnimation="0" desc="" height="16" id="26" name="BashHandler" shared="false" width="16">
        <anim across="1" down="1" durations="100" height="16" id="0" loop="true" name="LeftRight" numframes="1" originx="8" originy="8" sync="false" version="2" width="16">
            <poly data="4,0,7,16,7,16,8,0,8" density="0.1" fric="0.2" gid="-1000" id="0" name="Left" rest="0.0" sensor="true"/>
        </anim>
        <anim across="1" down="1" durations="100" height="16" id="1" loop="true" name="UpDown" numframes="1" originx="8" originy="8" sync="false" version="2" width="16">
            <poly data="4,7,0,8,0,8,16,7,16" density="0.1" fric="0.2" gid="-1000" id="0" name="UpDown" rest="0.0" sensor="true"/>
        </anim>
    </sprite>
    <actor adamp="0.0" ascale="true" atlasID="0" bodytype="0" continuous="true" desc="" eventsnippetid="26" fixedrot="true" fric="0.2" gid="3" id="25" ignoreg="true" inertia="1.0" ldamp="0.0" mass="1.0" name="BashProjectile" oid="-1" pausable="true" physicsMode="0" rest="0.0" shared="false" sprite="26" static="true">
        <snippets>
            <s enabled="true" id="62">
                <prop id="2147483647" list="0" val="thisactor"/>
            </s>
        </snippets>
    </actor>
    <actor adamp="0.0" ascale="true" atlasID="0" bodytype="0" continuous="true" desc="" eventsnippetid="42" fixedrot="false" fric="0.2" gid="2" id="36" ignoreg="false" inertia="1.0" ldamp="0.0" mass="1.0" name="BearFace" oid="-1" pausable="true" physicsMode="2" rest="0.0" shared="false" sprite="37" static="true">
        <snippets/>
    </actor>
    <sprite atlasID="0" default="0" defaultAnimation="0" desc="" height="80" id="37" name="BearFace" shared="false" width="80">
        <anim across="1" down="1" durations="100" height="80" id="0" loop="false" name="Animation 0" numframes="1" originx="40" originy="40" sync="false" version="2" width="80">
            <poly data="4,0,0,80,0,80,80,0,80" density="0.1" fric="0.2" gid="-1000" id="0" name="Animation 0" rest="0.0" sensor="false"/>
        </anim>
    </sprite>
    <actor adamp="0.0" ascale="true" atlasID="0" bodytype="2" continuous="true" desc="" eventsnippetid="50" fixedrot="false" fric="0.2" gid="3" id="45" ignoreg="false" inertia="1.0" ldamp="0.0" mass="1.0" name="ControlsGUI" oid="-1" pausable="true" physicsMode="0" rest="0.0" shared="false" sprite="46" static="false">
        <snippets>
            <s enabled="true" id="51">
                <prop id="2147483647" list="0" val="thisactor"/>
                <prop id="1" list="0" val=""/>
                <prop id="2" list="0" val=""/>
            </s>
        </snippets>
    </actor>
    <actor adamp="0.0" ascale="true" atlasID="0" bodytype="0" continuous="true" desc="" eventsnippetid="13" fixedrot="false" fric="0.2" gid="3" id="17" ignoreg="false" inertia="1.0" ldamp="0.0" mass="1.0" name="DeadPlayer" oid="-1" pausable="true" physicsMode="2" rest="0.0" shared="false" sprite="18" static="true">
        <snippets/>
    </actor>
    <sprite atlasID="0" default="0" defaultAnimation="0" desc="" height="16" id="18" name="DeadPlayer" shared="false" width="16">
        <anim across="4" down="4" durations="100,100,100,100,100,100,100,100,100,100,100,100,100,100,100,100" height="64" id="0" loop="false" name="Animation 0" numframes="16" originx="8" originy="8" sync="false" version="2" width="64">
            <poly data="4,0,0,16,0,16,16,0,16" density="0.1" fric="0.2" gid="-1000" id="0" name="Animation 0" rest="0.0" sensor="false"/>
        </anim>
    </sprite>
    <music atlasID="0" desc="" id="51" loop="true" name="Death" oid="-1" pan="0" shared="false" stream="false" type="mp3" volume="1"/>
    <actor adamp="0.0" ascale="true" atlasID="0" bodytype="0" continuous="true" desc="" eventsnippetid="5" fixedrot="true" fric="0.0" gid="3" id="8" ignoreg="true" inertia="1.0" ldamp="0.0" mass="1.0" name="Door" oid="-1" pausable="true" physicsMode="0" rest="0.0" shared="false" sprite="9" static="true">
        <snippets>
            <s enabled="false" id="38">
                <prop id="2147483647" list="0" val="thisactor"/>
                <prop id="1" list="0" val="false"/>
            </s>
        </snippets>
    </actor>
    <sprite atlasID="0" default="0" defaultAnimation="0" desc="" height="16" id="9" name="Door" shared="false" width="16">
        <anim across="2" down="1" durations="100,100" height="16" id="0" loop="true" name="Open" numframes="2" originx="8" originy="8" sync="false" version="2" width="32">
            <poly data="4,0,0,16,0,16,16,0,16" density="0.1" fric="0.2" gid="-1000" id="0" name="Open" rest="0.0" sensor="true"/>
        </anim>
        <anim across="1" down="1" durations="100" height="16" id="1" loop="false" name="Closed" numframes="1" originx="8" originy="8" sync="false" version="2" width="16">
            <poly data="8,1,0,15,0,16,1,16,15,15,16,1,16,0,15,0,1" density="0.1" fric="0.2" gid="-1000" id="0" name="" rest="0.0" sensor="true"/>
        </anim>
        <anim across="1" down="1" durations="100" height="16" id="2" loop="false" name="Bash1" numframes="1" originx="8" originy="8" sync="false" version="2" width="16">
            <poly data="8,1,0,15,0,16,1,16,15,15,16,1,16,0,15,0,1" density="0.1" fric="0.2" gid="-1000" id="0" name="" rest="0.0" sensor="true"/>
        </anim>
        <anim across="1" down="1" durations="100" height="16" id="3" loop="false" name="Bash2" numframes="1" originx="8" originy="8" sync="false" version="2" width="16">
            <poly data="8,1,0,15,0,16,1,16,15,15,16,1,16,0,15,0,1" density="0.1" fric="0.2" gid="-1000" id="0" name="" rest="0.0" sensor="true"/>
        </anim>
        <anim across="1" down="1" durations="100" height="16" id="4" loop="false" name="Bash3" numframes="1" originx="8" originy="8" sync="false" version="2" width="16">
            <poly data="4,0,0,16,0,16,16,0,16" density="0.1" fric="0.2" gid="-1000" id="0" name="Bash3" rest="0.0" sensor="true"/>
        </anim>
    </sprite>
    <actor adamp="0.0" ascale="true" atlasID="0" bodytype="0" continuous="true" desc="" eventsnippetid="15" fixedrot="false" fric="0.2" gid="5" id="19" ignoreg="false" inertia="1.0" ldamp="0.0" mass="1.0" name="Energy Cell" oid="-1" pausable="true" physicsMode="0" rest="0.0" shared="false" sprite="20" static="true">
        <snippets>
            <s enabled="true" id="60">
                <prop id="2147483647" list="0" val="thisactor"/>
            </s>
        </snippets>
    </actor>
    <sprite atlasID="0" default="0" defaultAnimation="0" desc="" height="16" id="20" name="Energy Cell" shared="false" width="16">
        <anim across="2" down="2" durations="100,100,100,100" height="32" id="0" loop="true" name="Idle" numframes="4" originx="8" originy="8" sync="false" version="2" width="32">
            <poly data="4,0,0,16,0,16,16,0,16" density="0.1" fric="0.2" gid="-1000" id="0" name="Idle" rest="0.0" sensor="true"/>
        </anim>
    </sprite>
    <actor adamp="0.0" ascale="true" atlasID="0" bodytype="2" continuous="true" desc="" eventsnippetid="7" fixedrot="true" fric="0.2" gid="2" id="12" ignoreg="true" inertia="1.0" ldamp="0.0" mass="1.0" name="Entity" oid="-1" pausable="true" physicsMode="2" rest="0.0" shared="false" sprite="13" static="false">
        <snippets/>
    </actor>
    <sprite atlasID="0" default="0" defaultAnimation="0" desc="" height="16" id="13" name="Entity" shared="false" width="16">
        <anim across="2" down="2" durations="100,100,100,100" height="32" id="0" loop="true" name="Idle" numframes="4" originx="8" originy="8" sync="true" version="2" width="32">
            <poly data="4,3,3,13,3,13,13,3,13" density="0.1" fric="0.2" gid="-1000" id="0" name="Idle" rest="0.0" sensor="true"/>
        </anim>
        <anim across="2" down="2" durations="100,100,100,100" height="32" id="1" loop="false" name="Spread Up" numframes="4" originx="8" originy="8" sync="false" version="2" width="32">
            <poly data="4,0,0,16,0,16,16,0,16" density="0.1" fric="0.2" gid="-1000" id="0" name="Spread Up" rest="0.0" sensor="false"/>
        </anim>
        <anim across="2" down="2" durations="100,100,100,100" height="32" id="2" loop="false" name="Spread Left" numframes="4" originx="8" originy="8" sync="false" version="2" width="32">
            <poly data="4,0,0,16,0,16,16,0,16" density="0.1" fric="0.2" gid="-1000" id="0" name="Animation 2" rest="0.0" sensor="false"/>
        </anim>
        <anim across="2" down="2" durations="100,100,100,100" height="32" id="3" loop="false" name="Spread Down" numframes="4" originx="8" originy="8" sync="false" version="2" width="32">
            <poly data="4,0,0,16,0,16,16,0,16" density="0.1" fric="0.2" gid="-1000" id="0" name="Animation 3" rest="0.0" sensor="false"/>
        </anim>
        <anim across="2" down="2" durations="100,100,100,100" height="32" id="4" loop="false" name="Spread Right" numframes="4" originx="8" originy="8" sync="false" version="2" width="32">
            <poly data="4,0,0,16,0,16,16,0,16" density="0.1" fric="0.2" gid="-1000" id="0" name="Animation 4" rest="0.0" sensor="false"/>
        </anim>
    </sprite>
    <sprite atlasID="0" default="1" defaultAnimation="1" desc="" height="16" id="60" name="Entity" shared="false" width="16">
        <anim across="2" down="2" durations="100,100,100,100" height="32" id="0" loop="true" name="Idle" numframes="4" originx="8" originy="8" sync="false" version="2" width="32">
            <poly data="4,4,4,12,4,12,12,4,12" density="0.1" fric="0.2" gid="-1000" id="0" name="Idle" rest="0.0" sensor="true"/>
        </anim>
        <anim across="1" down="1" durations="100" height="16" id="1" loop="true" name="Animation 1" numframes="1" originx="8" originy="8" sync="false" version="2" width="16"/>
    </sprite>
    <actor adamp="0.0" ascale="true" atlasID="0" bodytype="2" continuous="true" desc="" eventsnippetid="59" fixedrot="true" fric="0.2" gid="2" id="59" ignoreg="true" inertia="1.0" ldamp="0.0" mass="1.0" name="Entity Spawner" oid="-1" pausable="true" physicsMode="0" rest="0.0" shared="false" sprite="60" static="false">
        <snippets/>
    </actor>
    <tileset across="4" atlasID="0" desc="" down="5" id="14" name="EntityTile" oid="-1" shared="false" th="16" tw="16">
        <tile collision="-1" data="entity" durations="100,100,100,100" frames="0" id="20" order="-1"/>
        <tile collision="-1" data="" durations="100" frames="1" id="21" order="-1"/>
        <tile collision="-1" data="" durations="100" frames="2" id="22" order="-1"/>
        <tile collision="-1" data="" durations="100" frames="3" id="23" order="-1"/>
        <tile collision="-1" data="" durations="100" frames="4" id="24" order="-1"/>
        <tile collision="-1" data="" durations="100" frames="5" id="25" order="-1"/>
        <tile collision="-1" data="" durations="100" frames="6" id="26" order="-1"/>
        <tile collision="-1" data="" durations="100" frames="7" id="27" order="-1"/>
        <tile collision="-1" data="" durations="100" frames="8" id="28" order="-1"/>
        <tile collision="-1" data="" durations="100" frames="9" id="29" order="-1"/>
        <tile collision="-1" data="" durations="100" frames="10" id="30" order="-1"/>
        <tile collision="-1" data="" durations="100" frames="11" id="31" order="-1"/>
        <tile collision="-1" data="" durations="100" frames="12" id="32" order="-1"/>
        <tile collision="-1" data="" durations="100" frames="13" id="33" order="-1"/>
        <tile collision="-1" data="" durations="100" frames="14" id="34" order="-1"/>
        <tile collision="-1" data="" durations="100" frames="15" id="35" order="-1"/>
        <tile collision="-1" data="" durations="100" frames="16" id="36" order="-1"/>
        <tile collision="-1" data="" durations="100" frames="17" id="37" order="-1"/>
        <tile collision="-1" data="" durations="100" frames="18" id="38" order="-1"/>
        <tile collision="-1" data="" durations="100" frames="19" id="39" order="-1"/>
    </tileset>
    <actor adamp="0.0" ascale="true" atlasID="0" bodytype="0" continuous="true" desc="" eventsnippetid="21" fixedrot="true" fric="0.2" gid="3" id="23" ignoreg="true" inertia="1.0" ldamp="0.0" mass="1.0" name="Fire" oid="-1" pausable="true" physicsMode="0" rest="0.0" shared="false" sprite="24" static="true">
        <snippets>
            <s enabled="true" id="63">
                <prop id="2147483647" list="0" val="thisactor"/>
            </s>
        </snippets>
    </actor>
    <sprite atlasID="0" default="0" defaultAnimation="0" desc="" height="16" id="24" name="Fire" shared="false" width="16">
        <anim across="2" down="1" durations="100,100" height="16" id="0" loop="true" name="Left" numframes="2" originx="8" originy="8" sync="false" version="2" width="32">
            <poly data="4,0,7,16,7,16,8,0,8" density="0.1" fric="0.2" gid="-1000" id="0" name="Left" rest="0.0" sensor="true"/>
        </anim>
        <anim across="2" down="1" durations="100,100" height="16" id="1" loop="true" name="Right" numframes="2" originx="8" originy="8" sync="false" version="2" width="32">
            <poly data="4,0,7,16,7,16,8,0,8" density="0.1" fric="0.2" gid="-1000" id="0" name="Right" rest="0.0" sensor="true"/>
        </anim>
        <anim across="2" down="1" durations="100,100" height="16" id="2" loop="true" name="Up" numframes="2" originx="8" originy="8" sync="false" version="2" width="32">
            <poly data="4,7,0,8,0,8,16,7,16" density="0.1" fric="0.2" gid="-1000" id="0" name="Up" rest="0.0" sensor="true"/>
        </anim>
        <anim across="2" down="1" durations="100,100" height="16" id="3" loop="true" name="Down" numframes="2" originx="8" originy="8" sync="false" version="2" width="32">
            <poly data="4,7,0,8,0,8,16,7,16" density="0.1" fric="0.2" gid="-1000" id="0" name="Down" rest="0.0" sensor="true"/>
        </anim>
    </sprite>
    <actor adamp="0.0" ascale="true" atlasID="0" bodytype="0" continuous="true" desc="" eventsnippetid="16" fixedrot="false" fric="0.2" gid="5" id="21" ignoreg="false" inertia="1.0" ldamp="0.0" mass="1.0" name="Fuel Can" oid="-1" pausable="true" physicsMode="0" rest="0.0" shared="false" sprite="22" static="true">
        <snippets>
            <s enabled="true" id="60">
                <prop id="2147483647" list="0" val="thisactor"/>
            </s>
        </snippets>
    </actor>
    <sprite atlasID="0" default="0" defaultAnimation="0" desc="" height="16" id="22" name="Fuel Can" shared="false" width="16">
        <anim across="2" down="2" durations="100,100,100,100" height="32" id="0" loop="true" name="Idle" numframes="4" originx="8" originy="8" sync="false" version="2" width="32">
            <poly data="4,0,0,16,0,16,16,0,16" density="0.1" fric="0.2" gid="-1000" id="0" name="Animation 0" rest="0.0" sensor="true"/>
        </anim>
    </sprite>
    <actor adamp="0.0" ascale="true" atlasID="0" bodytype="2" continuous="true" desc="" eventsnippetid="47" fixedrot="false" fric="0.2" gid="3" id="43" ignoreg="false" inertia="1.0" ldamp="0.0" mass="1.0" name="GameOverGUI" oid="-1" pausable="true" physicsMode="0" rest="0.0" shared="false" sprite="44" static="false">
        <snippets>
            <s enabled="true" id="48">
                <prop id="2147483647" list="0" val="thisactor"/>
                <prop id="1" list="0" val=""/>
                <prop id="2" list="0" val=""/>
            </s>
        </snippets>
    </actor>
    <actor adamp="0.0" ascale="true" atlasID="0" bodytype="2" continuous="true" desc="" eventsnippetid="31" fixedrot="false" fric="0.2" gid="2" id="32" ignoreg="false" inertia="1.0" ldamp="0.0" mass="1.0" name="GUI" oid="-1" pausable="true" physicsMode="0" rest="0.0" shared="false" sprite="33" static="false">
        <snippets>
            <s enabled="true" id="33">
                <prop id="2147483647" list="0" val="thisactor"/>
                <prop id="1" list="0" val="16"/>
                <prop id="2" list="0" val="16"/>
                <prop id="3" list="0" val="80"/>
                <prop id="4" list="0" val="6"/>
                <prop id="5" list="0" val=""/>
                <prop id="6" list="0" val=""/>
                <prop id="7" list="0" val=""/>
                <prop id="8" list="0" val="40"/>
            </s>
        </snippets>
    </actor>
    <sprite atlasID="0" default="0" defaultAnimation="0" desc="" height="64" id="33" name="GUI" shared="false" width="64">
        <anim across="1" down="1" durations="100" height="64" id="0" loop="false" name="GUI" numframes="1" originx="32" originy="32" sync="false" version="2" width="64">
            <poly data="4,0,0,1,0,1,1,0,1" density="0.1" fric="0.2" gid="-1000" id="0" name="default" rest="0.0" sensor="true"/>
        </anim>
        <anim across="1" down="1" durations="100" height="64" id="1" loop="false" name="Idle" numframes="1" originx="32" originy="32" sync="false" version="2" width="64"/>
    </sprite>
    <music atlasID="0" desc="" id="53" loop="true" name="MusicDead" oid="-1" pan="0" shared="false" stream="false" type="mp3" volume="1"/>
    <music atlasID="0" desc="" id="54" loop="true" name="MusicGame" oid="-1" pan="0" shared="false" stream="false" type="mp3" volume="1"/>
    <music atlasID="0" desc="" id="56" loop="true" name="MusicTitle" oid="-1" pan="0" shared="false" stream="false" type="mp3" volume="1"/>
    <music atlasID="0" desc="" id="55" loop="true" name="MusicVictory" oid="-1" pan="0" shared="false" stream="false" type="mp3" volume="1"/>
    <music atlasID="0" desc="" id="48" loop="true" name="Pickup" oid="-1" pan="0" shared="false" stream="false" type="mp3" volume="1"/>
    <actor adamp="0.0" ascale="true" atlasID="0" bodytype="2" continuous="true" desc="" eventsnippetid="53" fixedrot="false" fric="0.2" gid="3" id="57" ignoreg="false" inertia="1.0" ldamp="0.0" mass="1.0" name="Placeholder" oid="-1" pausable="true" physicsMode="0" rest="0.0" shared="false" sprite="58" static="false">
        <snippets/>
    </actor>
    <sprite atlasID="0" default="0" defaultAnimation="0" desc="" height="16" id="58" name="Placeholder" shared="false" width="16">
        <anim across="1" down="1" durations="100" height="16" id="0" loop="true" name="Animation 0" numframes="1" originx="8" originy="8" sync="false" version="2" width="16">
            <poly data="4,0,0,16,0,16,16,0,16" density="0.1" fric="0.2" gid="-1000" id="0" name="default" rest="0.0" sensor="false"/>
        </anim>
    </sprite>
    <actor adamp="0.0" ascale="true" atlasID="0" bodytype="2" continuous="true" desc="" eventsnippetid="1" fixedrot="true" fric="0.0" gid="0" id="5" ignoreg="true" inertia="1.0" ldamp="0.0" mass="1.0" name="Player" oid="-1" pausable="true" physicsMode="0" rest="0.0" shared="false" sprite="6" static="false">
        <snippets>
            <s enabled="true" id="3">
                <prop id="32" list="0" val="down"/>
                <prop id="2147483647" list="0" val="thisactor"/>
                <prop id="33" list="0" val="left"/>
                <prop id="34" list="0" val="right"/>
                <prop id="35" list="0" val="0.0"/>
                <prop id="36" list="0" val="0.0"/>
                <prop id="37" list="0" val="false"/>
                <prop id="38" list="0" val="0.0"/>
                <prop id="39" list="0" val="true"/>
                <prop id="40" list="0" val="true"/>
                <prop id="11" list="0" val="8"/>
                <prop id="49" list="0" val="true"/>
                <prop id="50" list="0" val="IdleUp"/>
                <prop id="51" list="0" val="WalkUp"/>
                <prop id="52" list="0" val="IdleDown"/>
                <prop id="53" list="0" val="WalkDown"/>
                <prop id="54" list="0" val="IdleLeft"/>
                <prop id="55" list="0" val="WalkLeft"/>
                <prop id="56" list="0" val="IdleRight"/>
                <prop id="57" list="0" val="WalkRight"/>
                <prop id="58" list="0" val="false"/>
                <prop id="59" list="0" val="false"/>
                <prop id="60" list="0" val="0"/>
                <prop id="31" list="0" val="up"/>
            </s>
            <s enabled="true" id="4">
                <prop id="2147483647" list="0" val="thisactor"/>
                <prop id="1" list="0" val="0.0"/>
                <prop id="4" list="0" val="0.0"/>
                <prop id="6" list="0" val="0.0"/>
                <prop id="8" list="0" val="0.0"/>
                <prop id="9" list="0" val="0"/>
            </s>
            <s enabled="true" id="22">
                <prop id="32" list="0" val="Based on Animations"/>
                <prop id="2147483647" list="0" val="thisactor"/>
                <prop id="2" list="0" val="0"/>
                <prop id="4" list="0" val="23"/>
                <prop id="5" list="0" val="-1"/>
                <prop id="9" list="0" val="15"/>
                <prop id="13" list="0" val="action1"/>
                <prop id="15" list="0" val="0.0"/>
                <prop id="16" list="0" val="true"/>
                <prop id="17" list="0" val="false"/>
                <prop id="18" list="0" val="true"/>
                <prop id="19" list="0" val="1.0"/>
                <prop id="20" list="0" val="0.0"/>
                <prop id="21" list="0" val="false"/>
                <prop id="22" list="0" val="false"/>
                <prop id="23" list="0" val="1"/>
                <prop id="24" list="0" val="100"/>
                <prop id="25" list="0" val="100"/>
                <prop id="26" list="0" val="true"/>
                <prop id="28" list="0" val="Up"/>
                <prop id="29" list="0" val="Down"/>
                <prop id="30" list="0" val="Left"/>
                <prop id="31" list="0" val="Right"/>
            </s>
            <s enabled="true" id="9">
                <prop id="2147483647" list="0" val="thisactor"/>
            </s>
            <s enabled="true" id="58">
                <prop id="2147483647" list="0" val="thisactor"/>
            </s>
        </snippets>
    </actor>
    <sprite atlasID="0" default="0" defaultAnimation="0" desc="" height="16" id="6" name="Player" shared="false" width="16">
        <anim across="1" down="1" durations="100" height="16" id="0" loop="false" name="IdleDown" numframes="1" originx="8" originy="8" sync="false" version="2" width="16">
            <poly data="8,3,5,12,5,13,6,13,14,12,15,3,15,2,14,2,6" density="0.1" fric="0.2" gid="-1000" id="0" name="" rest="0.0" sensor="false"/>
        </anim>
        <anim across="1" down="1" durations="100" height="16" id="1" loop="false" name="IdleUp" numframes="1" originx="8" originy="8" sync="false" version="2" width="16">
            <poly data="8,3,5,12,5,13,6,13,14,12,15,3,15,2,14,2,6" density="0.1" fric="0.2" gid="-1000" id="0" name="" rest="0.0" sensor="false"/>
        </anim>
        <anim across="1" down="1" durations="100" height="16" id="2" loop="false" name="IdleLeft" numframes="1" originx="8" originy="8" sync="false" version="2" width="16">
            <poly data="8,3,5,12,5,13,6,13,14,12,15,3,15,2,14,2,6" density="0.1" fric="0.2" gid="-1000" id="0" name="" rest="0.0" sensor="false"/>
        </anim>
        <anim across="1" down="1" durations="100" height="16" id="3" loop="false" name="IdleRight" numframes="1" originx="8" originy="8" sync="false" version="2" width="16">
            <poly data="8,3,5,12,5,13,6,13,14,12,15,3,15,2,14,2,6" density="0.1" fric="0.2" gid="-1000" id="0" name="" rest="0.0" sensor="false"/>
        </anim>
        <anim across="2" down="1" durations="100,100" height="16" id="4" loop="true" name="WalkDown" numframes="2" originx="8" originy="8" sync="false" version="2" width="32">
            <poly data="8,3,5,12,5,13,6,13,14,12,15,3,15,2,14,2,6" density="0.1" fric="0.2" gid="-1000" id="0" name="" rest="0.0" sensor="false"/>
        </anim>
        <anim across="2" down="1" durations="100,100" height="16" id="5" loop="true" name="WalkUp" numframes="2" originx="8" originy="8" sync="false" version="2" width="32">
            <poly data="8,3,5,12,5,13,6,13,14,12,15,3,15,2,14,2,6" density="0.1" fric="0.2" gid="-1000" id="0" name="" rest="0.0" sensor="false"/>
        </anim>
        <anim across="2" down="1" durations="100,100" height="16" id="6" loop="true" name="WalkLeft" numframes="2" originx="8" originy="8" sync="false" version="2" width="32">
            <poly data="8,3,5,12,5,13,6,13,14,12,15,3,15,2,14,2,6" density="0.1" fric="0.2" gid="-1000" id="0" name="" rest="0.0" sensor="false"/>
        </anim>
        <anim across="2" down="1" durations="100,100" height="16" id="7" loop="true" name="WalkRight" numframes="2" originx="8" originy="8" sync="false" version="2" width="32">
            <poly data="8,3,5,12,5,13,6,13,14,12,15,3,15,2,14,2,6" density="0.1" fric="0.2" gid="-1000" id="0" name="" rest="0.0" sensor="false"/>
        </anim>
        <anim across="2" down="1" durations="100,100" height="16" id="8" loop="false" name="BashDown" numframes="2" originx="8" originy="8" sync="false" version="2" width="32">
            <poly data="8,3,5,12,5,13,6,13,14,12,15,3,15,2,14,2,6" density="0.1" fric="0.2" gid="-1000" id="1" name="" rest="0.0" sensor="false"/>
        </anim>
        <anim across="2" down="1" durations="100,100" height="16" id="9" loop="false" name="BashUp" numframes="2" originx="8" originy="8" sync="false" version="2" width="32">
            <poly data="8,3,5,12,5,13,6,13,14,12,15,3,15,2,14,2,6" density="0.1" fric="0.2" gid="-1000" id="0" name="" rest="0.0" sensor="false"/>
        </anim>
        <anim across="2" down="1" durations="100,100" height="16" id="10" loop="false" name="BashLeft" numframes="2" originx="8" originy="8" sync="false" version="2" width="32">
            <poly data="8,3,5,12,5,13,6,13,14,12,15,3,15,2,14,2,6" density="0.1" fric="0.2" gid="-1000" id="0" name="" rest="0.0" sensor="false"/>
        </anim>
        <anim across="2" down="1" durations="100,100" height="16" id="11" loop="false" name="BashRight" numframes="2" originx="8" originy="8" sync="false" version="2" width="32">
            <poly data="8,3,5,12,5,13,6,13,14,12,15,3,15,2,14,2,6" density="0.1" fric="0.2" gid="-1000" id="0" name="" rest="0.0" sensor="false"/>
        </anim>
        <anim across="1" down="1" durations="100" height="16" id="12" loop="false" name="WeldDown" numframes="1" originx="8" originy="8" sync="false" version="2" width="16">
            <poly data="8,3,5,12,5,13,6,13,14,12,15,3,15,2,14,2,6" density="0.1" fric="0.2" gid="-1000" id="0" name="" rest="0.0" sensor="false"/>
        </anim>
        <anim across="1" down="1" durations="100" height="16" id="13" loop="false" name="WeldUp" numframes="1" originx="8" originy="8" sync="false" version="2" width="16">
            <poly data="8,3,5,12,5,13,6,13,14,12,15,3,15,2,14,2,6" density="0.1" fric="0.2" gid="-1000" id="0" name="" rest="0.0" sensor="false"/>
        </anim>
        <anim across="1" down="1" durations="100" height="16" id="14" loop="false" name="WeldLeft" numframes="1" originx="8" originy="8" sync="false" version="2" width="16">
            <poly data="8,3,5,12,5,13,6,13,14,12,15,3,15,2,14,2,6" density="0.1" fric="0.2" gid="-1000" id="0" name="" rest="0.0" sensor="false"/>
        </anim>
        <anim across="1" down="1" durations="100" height="16" id="15" loop="false" name="WeldRight" numframes="1" originx="8" originy="8" sync="false" version="2" width="16">
            <poly data="8,3,5,12,5,13,6,13,14,12,15,3,15,2,14,2,6" density="0.1" fric="0.2" gid="-1000" id="0" name="" rest="0.0" sensor="false"/>
        </anim>
    </sprite>
    <music atlasID="0" desc="" id="50" loop="true" name="Powerup" oid="-1" pan="0" shared="false" stream="false" type="mp3" volume="1"/>
    <actor adamp="0.0" ascale="true" atlasID="0" bodytype="0" continuous="true" desc="" eventsnippetid="6" fixedrot="false" fric="0.2" gid="2" id="10" ignoreg="false" inertia="1.0" ldamp="0.0" mass="1.0" name="Shuttle" oid="-1" pausable="true" physicsMode="0" rest="0.0" shared="false" sprite="11" static="true">
        <snippets/>
    </actor>
    <sprite atlasID="0" default="0" defaultAnimation="0" desc="" height="80" id="11" name="Shuttle" shared="false" width="48">
        <anim across="1" down="1" durations="100" height="80" id="0" loop="false" name="Idle" numframes="1" originx="24" originy="40" sync="false" version="2" width="48">
            <poly data="4,0,0,48,0,48,80,0,80" density="0.1" fric="0.2" gid="-1000" id="0" name="Animation 0" rest="0.0" sensor="true"/>
        </anim>
    </sprite>
    <font alphabet="" atlasID="0" desc="" height="1" id="38" name="SmallYellowText" offsets="" oid="-1" prerendered="true" rowHeight="1" shared="false"/>
    <background atlasID="0" desc="" durations="100" dx="-0.2" dy="-0.2" height="200" id="7" name="Space" numframes="1" oid="-1" repeats="true" resized="false" shared="false" width="200" xpf="0.2" ypf="0.2"/>
    <tileset across="4" atlasID="0" desc="" down="9" id="4" name="Terrain" oid="-1" shared="false" th="16" tw="16">
        <tile collision="-1" data="" durations="100" frames="0" id="391" order="-1"/>
        <tile collision="0" data="" durations="100" frames="1" id="392" order="-1"/>
        <tile collision="-1" data="" durations="100" frames="2" id="393" order="-1"/>
        <tile collision="28" data="solidDoor" durations="100" frames="3" id="394" order="-1"/>
        <tile collision="28" data="" durations="100" frames="4" id="395" order="-1"/>
        <tile collision="28" data="" durations="100" frames="5" id="396" order="-1"/>
        <tile collision="28" data="" durations="100" frames="6" id="397" order="-1"/>
        <tile collision="28" data="" durations="100" frames="7" id="398" order="-1"/>
        <tile collision="28" data="" durations="100" frames="8" id="399" order="-1"/>
        <tile collision="28" data="" durations="100" frames="9" id="400" order="-1"/>
        <tile collision="28" data="" durations="100" frames="10" id="401" order="-1"/>
        <tile collision="28" data="" durations="100" frames="11" id="402" order="-1"/>
        <tile collision="28" data="" durations="100" frames="12" id="403" order="-1"/>
        <tile collision="28" data="" durations="100" frames="13" id="404" order="-1"/>
        <tile collision="28" data="" durations="100" frames="14" id="405" order="-1"/>
        <tile collision="28" data="" durations="100" frames="15" id="406" order="-1"/>
        <tile collision="28" data="" durations="100" frames="16" id="407" order="-1"/>
        <tile collision="28" data="" durations="100" frames="17" id="408" order="-1"/>
        <tile collision="-1" data="" durations="100" frames="18" id="409" order="-1"/>
        <tile collision="28" data="" durations="100" frames="19" id="410" order="-1"/>
        <tile collision="-1" data="" durations="100" frames="20" id="411" order="-1"/>
        <tile collision="-1" data="" durations="100" frames="21" id="412" order="-1"/>
        <tile collision="-1" data="" durations="100" frames="22" id="413" order="-1"/>
        <tile collision="-1" data="" durations="100" frames="23" id="414" order="-1"/>
        <tile collision="-1" data="" durations="100" frames="24" id="415" order="-1"/>
        <tile collision="-1" data="" durations="100" frames="25" id="416" order="-1"/>
        <tile collision="-1" data="" durations="100" frames="26" id="417" order="-1"/>
        <tile collision="-1" data="" durations="100" frames="27" id="418" order="-1"/>
        <tile collision="-1" data="" durations="100" frames="28" id="419" order="-1"/>
        <tile collision="28" data="solidDoor" durations="100" frames="29" id="420" order="-1"/>
        <tile collision="28" data="solidDoor" durations="100" frames="30" id="421" order="-1"/>
        <tile collision="-1" data="" durations="100" frames="31" id="422" order="-1"/>
        <tile collision="-1" data="" durations="100" frames="32" id="423" order="-1"/>
        <tile collision="-1" data="" durations="100" frames="33" id="424" order="-1"/>
        <tile collision="-1" data="" durations="100" frames="34" id="425" order="-1"/>
        <tile collision="-1" data="" durations="100" frames="35" id="426" order="-1"/>
    </tileset>
    <actor adamp="0.0" ascale="true" atlasID="0" bodytype="0" continuous="true" desc="" eventsnippetid="30" fixedrot="false" fric="0.2" gid="2" id="30" ignoreg="false" inertia="1.0" ldamp="0.0" mass="1.0" name="TestIfOnScreenActor" oid="-1" pausable="true" physicsMode="2" rest="0.0" shared="false" sprite="31" static="true">
        <snippets/>
    </actor>
    <sprite atlasID="0" default="0" defaultAnimation="0" desc="" height="64" id="31" name="TestIfOnScreenActor" shared="false" width="64">
        <anim across="1" down="1" durations="100" height="64" id="0" loop="true" name="Animation 0" numframes="1" originx="32" originy="32" sync="false" version="2" width="64">
            <poly data="4,0,0,16,0,16,16,0,16" density="0.1" fric="0.2" gid="-1000" id="0" name="default" rest="0.0" sensor="true"/>
        </anim>
    </sprite>
    <actor adamp="0.0" ascale="true" atlasID="0" bodytype="2" continuous="true" desc="" eventsnippetid="40" fixedrot="false" fric="0.2" gid="3" id="34" ignoreg="false" inertia="1.0" ldamp="0.0" mass="1.0" name="TitleGUI" oid="-1" pausable="true" physicsMode="0" rest="0.0" shared="false" sprite="35" static="false">
        <snippets>
            <s enabled="true" id="41">
                <prop id="2147483647" list="0" val="thisactor"/>
                <prop id="1" list="0" val=""/>
                <prop id="2" list="0" val=""/>
                <prop id="3" list="0" val="NORMAL"/>
            </s>
        </snippets>
    </actor>
    <sprite atlasID="0" default="0" defaultAnimation="0" desc="" height="64" id="35" name="TitleGUI" shared="false" width="64">
        <anim across="1" down="1" durations="100" height="64" id="0" loop="true" name="Title GUI" numframes="1" originx="32" originy="32" sync="false" version="2" width="64">
            <poly data="4,0,0,64,0,64,64,0,64" density="0.1" fric="0.2" gid="-1000" id="0" name="Animation 0" rest="0.0" sensor="false"/>
        </anim>
        <anim across="1" down="1" durations="100" height="64" id="1" loop="false" name="Idle" numframes="1" originx="32" originy="32" sync="false" version="2" width="64">
            <poly data="4,0,0,64,0,64,64,0,64" density="0.1" fric="0.2" gid="-1000" id="0" name="Animation 1" rest="0.0" sensor="false"/>
        </anim>
    </sprite>
    <sprite atlasID="0" default="0" defaultAnimation="0" desc="" height="64" id="42" name="TitleGUI" shared="false" width="64">
        <anim across="1" down="1" durations="100" height="64" id="0" loop="true" name="Title GUI" numframes="1" originx="32" originy="32" sync="false" version="2" width="64">
            <poly data="4,0,0,64,0,64,64,0,64" density="0.1" fric="0.2" gid="-1000" id="0" name="Animation 0" rest="0.0" sensor="false"/>
        </anim>
        <anim across="1" down="1" durations="100" height="64" id="1" loop="false" name="Idle" numframes="1" originx="32" originy="32" sync="false" version="2" width="64">
            <poly data="4,0,0,64,0,64,64,0,64" density="0.1" fric="0.2" gid="-1000" id="0" name="Animation 1" rest="0.0" sensor="false"/>
        </anim>
    </sprite>
    <sprite atlasID="0" default="0" defaultAnimation="0" desc="" height="64" id="44" name="TitleGUI" shared="false" width="64">
        <anim across="1" down="1" durations="100" height="64" id="0" loop="true" name="Title GUI" numframes="1" originx="32" originy="32" sync="false" version="2" width="64">
            <poly data="4,0,0,64,0,64,64,0,64" density="0.1" fric="0.2" gid="-1000" id="0" name="Animation 0" rest="0.0" sensor="false"/>
        </anim>
        <anim across="1" down="1" durations="100" height="64" id="1" loop="false" name="Idle" numframes="1" originx="32" originy="32" sync="false" version="2" width="64">
            <poly data="4,0,0,64,0,64,64,0,64" density="0.1" fric="0.2" gid="-1000" id="0" name="Animation 1" rest="0.0" sensor="false"/>
        </anim>
    </sprite>
    <sprite atlasID="0" default="0" defaultAnimation="0" desc="" height="64" id="46" name="TitleGUI" shared="false" width="64">
        <anim across="1" down="1" durations="100" height="64" id="0" loop="true" name="Title GUI" numframes="1" originx="32" originy="32" sync="false" version="2" width="64">
            <poly data="4,0,0,64,0,64,64,0,64" density="0.1" fric="0.2" gid="-1000" id="0" name="Animation 0" rest="0.0" sensor="false"/>
        </anim>
        <anim across="1" down="1" durations="100" height="64" id="1" loop="false" name="Idle" numframes="1" originx="32" originy="32" sync="false" version="2" width="64">
            <poly data="4,0,0,64,0,64,64,0,64" density="0.1" fric="0.2" gid="-1000" id="0" name="Animation 1" rest="0.0" sensor="false"/>
        </anim>
    </sprite>
    <music atlasID="0" desc="" id="52" loop="true" name="Weld" oid="-1" pan="0" shared="false" stream="false" type="mp3" volume="1"/>
    <actor adamp="0.0" ascale="true" atlasID="0" bodytype="2" continuous="true" desc="" eventsnippetid="44" fixedrot="false" fric="0.2" gid="3" id="41" ignoreg="false" inertia="1.0" ldamp="0.0" mass="1.0" name="WinGUI" oid="-1" pausable="true" physicsMode="0" rest="0.0" shared="false" sprite="42" static="false">
        <snippets>
            <s enabled="true" id="45">
                <prop id="2147483647" list="0" val="thisactor"/>
                <prop id="1" list="0" val=""/>
                <prop id="2" list="0" val=""/>
            </s>
        </snippets>
    </actor>
    <font alphabet="" atlasID="0" desc="" height="1" id="40" name="YellowText" offsets="" oid="-1" prerendered="true" rowHeight="1" shared="false"/>
</pack>
