<?xml version="1.0" encoding="UTF-8" standalone="no"?>
<scene depth="1" desc="" eventsnippetid="39" extheight="320" extwidth="384" extx="-32" exty="-32" format="3.4.0" gravx="-0.0" gravy="0.0" height="256" id="1" name="TitleScreen" revision="" savecount="0" tiled="1" tileh="32" tilew="32" type="standard" width="320">
    <layers>
        <color-bg blue="255" green="255" red="255"/>
        <background blendMode="normal" customScrollFactor="false" id="1" locked="true" name="Space" opacity="100" order="1" rid="7" scrollFactorX="1.0" scrollFactorY="1.0" visible="true"/>
        <layer blendMode="normal" color="100,168,234" id="0" locked="false" name="Layer 0" opacity="100" order="0" scrollFactorX="1.0" scrollFactorY="1.0" visible="true"/>
    </layers>
    <joints/>
    <regions/>
    <terrainRegions/>
    <actors>
        <actor a="0.0" aid="1" c="false" group="2" id="36" name="BearFace 1" sx="2.0" sy="2.0" x="200" y="136" z="0"/>
        <actor a="0.0" aid="2" c="false" group="3" id="34" name="TitleGUI 2" sx="1.0" sy="1.0" x="0" y="0" z="0"/>
    </actors>
    <snippets/>
    <terrain/>
    <atlases members="" retainAtlases="true"/>
</scene>
