<?xml version="1.0" encoding="UTF-8" standalone="no"?>
<scene depth="1" desc="" eventsnippetid="52" extheight="272" extwidth="352" extx="-16" exty="-16" format="3.4.0" gravx="-0.0" gravy="0.0" height="240" id="5" name="Controls" revision="" savecount="0" tiled="1" tileh="16" tilew="16" type="standard" width="320">
    <layers>
        <color-bg blue="255" green="255" red="255"/>
        <background blendMode="normal" customScrollFactor="false" id="1" locked="true" name="Space" opacity="100" order="1" rid="7" scrollFactorX="1.0" scrollFactorY="1.0" visible="true"/>
        <layer blendMode="normal" color="100,168,234" id="0" locked="false" name="Layer 0" opacity="100" order="0" scrollFactorX="1.0" scrollFactorY="1.0" visible="true"/>
    </layers>
    <joints/>
    <regions/>
    <terrainRegions/>
    <actors>
        <actor a="0.0" aid="1" c="false" group="3" id="45" name="ControlsGUI 1" sx="1.0" sy="1.0" x="0" y="0" z="0"/>
        <actor a="0.0" aid="2" c="false" group="5" id="21" name="Fuel Can 2" sx="1.0" sy="1.0" x="288" y="80" z="0"/>
        <actor a="0.0" aid="3" c="false" group="5" id="19" name="Energy Cell 3" sx="1.0" sy="1.0" x="288" y="112" z="0"/>
        <actor a="0.0" aid="4" c="true" group="4" id="12" name="Entity 4" sx="1.0" sy="1.0" x="288" y="160" z="0">
            <snippets>
                <s enabled="false" id="37">
                    <prop id="2147483647" list="0" val="thisactor"/>
                    <prop id="1" list="0" val="0"/>
                    <prop id="2" list="0" val="0"/>
                    <prop id="3" list="0" val="false"/>
                </s>
                <s enabled="true" id="7">
                    <prop id="1" list="0" val="false"/>
                    <prop id="2" list="0" val="false"/>
                </s>
                <s enabled="false" id="8">
                    <prop id="2147483647" list="0" val="thisactor"/>
                    <prop id="6" list="0" val="0"/>
                    <prop id="7" list="0" val="1"/>
                    <prop id="8" list="0" val="0"/>
                    <prop id="9" list="0" val="0"/>
                    <prop id="10" list="0" val="false"/>
                    <prop id="11" list="0" val="false"/>
                    <prop id="12" list="0" val="false"/>
                    <prop id="13" list="0" val="6"/>
                </s>
            </snippets>
        </actor>
    </actors>
    <snippets/>
    <terrain/>
    <atlases members="" retainAtlases="true"/>
</scene>
